This is pdfTeX, Version 3.141592653-2.6-1.40.29 (MiKTeX 26.5) (preloaded format=pdflatex 2026.7.22)  23 JUL 2026 17:33
entering extended mode
 restricted \write18 enabled.
 %&-line parsing enabled.
**./main.tex
(main.tex
LaTeX2e <2026-06-01>
L3 programming layer <2026-06-18>

LaTeX Warning: \include should only be used after \begin{document} on input lin
e 2.

(preámbulo.tex
(C:\Users\CRISTIAN CHAVEZ\AppData\Local\Programs\MiKTeX\tex/latex/memoir\memoir
.cls
Document Class: memoir 2025/11/04 v3.8.4b configurable book, report, article do
cument class

(C:\Users\CRISTIAN CHAVEZ\AppData\Local\Programs\MiKTeX\tex/latex/xpatch\xpatch
.sty
(C:\Users\CRISTIAN CHAVEZ\AppData\Local\Programs\MiKTeX\tex/latex/l3kernel\expl
3.sty
Package: expl3 2026-06-18 L3 programming layer (loader) 

(C:\Users\CRISTIAN CHAVEZ\AppData\Local\Programs\MiKTeX\tex/latex/l3backend\l3b
ackend-pdftex.def
File: l3backend-pdftex.def 2026-02-18 L3 backend support: PDF output (pdfTeX)
\l__color_backend_stack_int=\count276
))
Package: xpatch 2020/03/25 v0.3a Extending etoolbox patching commands

(C:\Users\CRISTIAN CHAVEZ\AppData\Local\Programs\MiKTeX\tex/latex/l3packages/xp
arse\xparse.sty
Package: xparse 2025-10-09 L3 Experimental document command parser
)
(C:\Users\CRISTIAN CHAVEZ\AppData\Local\Programs\MiKTeX\tex/latex/etoolbox\etoo
lbox.sty
Package: etoolbox 2025/10/02 v2.5m e-TeX tools for LaTeX (JAW)
\etb@tempcnta=\count277
))
\onelineskip=\skip49
\lxvchars=\skip50
\xlvchars=\skip51
\@memcnta=\count278
\c@@memmarkcntra=\count279

(C:\Users\CRISTIAN CHAVEZ\AppData\Local\Programs\MiKTeX\tex/generic/iftex\iftex
.sty
Package: iftex 2024/12/12 v1.0g TeX engine tests
)
\trimtop=\skip52
\trimedge=\skip53

(C:\Users\CRISTIAN CHAVEZ\AppData\Local\Programs\MiKTeX\tex/latex/memoir\mem12.
clo
File: mem12.clo 2022/07/29 v0.5 memoir class 12pt size option
)
\binding=\skip54
\spinemargin=\skip55
\foremargin=\skip56
\uppermargin=\skip57
\lowermargin=\skip58
\headdrop=\skip59
\normalrulethickness=\skip60
\mem@maxheadheight=\skip61
\mem@maxfootheight=\skip62
\headwidth=\skip63
\c@storedpagenumber=\count280
\memPD=\dimen150
\m@mabparskip=\skip64
\thanksmarkwidth=\skip65
\thanksmarksep=\skip66
\droptitle=\skip67
\c@book=\count281
\c@part=\count282
\c@chapter=\count283
\c@section=\count284
\c@subsection=\count285
\c@subsubsection=\count286
\c@paragraph=\count287
\c@subparagraph=\count288
\beforechapskip=\skip68
\midchapskip=\skip69
\afterchapskip=\skip70
\chapindent=\skip71
\bottomsectionskip=\skip72
\secindent=\skip73
\beforesecskip=\skip74
\aftersecskip=\skip75
\subsecindent=\skip76
\beforesubsecskip=\skip77
\aftersubsecskip=\skip78
\subsubsecindent=\skip79
\beforesubsubsecskip=\skip80
\aftersubsubsecskip=\skip81
\paraindent=\skip82
\beforeparaskip=\skip83
\afterparaskip=\skip84
\subparaindent=\skip85
\beforesubparaskip=\skip86
\aftersubparaskip=\skip87
\pfbreakskip=\skip88
\c@@ppsavesec=\count289
\c@@ppsaveapp=\count290
\ragrparindent=\dimen151
\everylistparindent=\dimen152
\parsepi=\skip89
\topsepi=\skip90
\itemsepi=\skip91
\parsepii=\skip92
\topsepii=\skip93
\topsepiii=\skip94
\itemsepii=\skip95
\itemsepiii=\skip96
\partopsepii=\skip97
\partopsepiii=\skip98
\m@msavetopsep=\skip99
\m@msavepartopsep=\skip100
\@enLab=\toks17
\abstitleskip=\skip101
\absleftindent=\skip102
\abs@leftindent=\dimen153
\absrightindent=\skip103
\absparindent=\skip104
\absparsep=\skip105
\c@vslineno=\count291
\c@poemline=\count292
\c@modulo@vs=\count293
\c@memfvsline=\count294
\vleftskip=\skip106
\vrightskip=\skip107
\stanzaskip=\skip108
\versewidth=\skip109
\vgap=\skip110
\vindent=\skip111
\vleftmargin=\dimen154
\c@verse=\count295
\c@chrsinstr=\count296
\beforepoemtitleskip=\skip112
\afterpoemtitleskip=\skip113
\c@poem=\count297
\beforePoemTitleskip=\skip114
\midPoemTitleskip=\skip115
\afterPoemTitleskip=\skip116

(C:\Users\CRISTIAN CHAVEZ\AppData\Local\Programs\MiKTeX\tex/latex/tools\array.s
ty
Package: array 2026/02/24 v2.7b Tabular extension package (FMi)
\col@sep=\dimen155
\ar@mcellbox=\box53
\extrarowheight=\dimen156
\NC@list=\toks18
\extratabsurround=\skip117
\backup@length=\skip118
\ar@cellbox=\box54
)
(C:\Users\CRISTIAN CHAVEZ\AppData\Local\Programs\MiKTeX\tex/latex/tools\dcolumn
.sty
Package: dcolumn 2025/10/21 v1.06 decimal alignment package (DPC)
)
(C:\Users\CRISTIAN CHAVEZ\AppData\Local\Programs\MiKTeX\tex/latex/tools\delarra
y.sty
Package: delarray 2014/10/28 v1.01 array delimiter package (DPC)
)
(C:\Users\CRISTIAN CHAVEZ\AppData\Local\Programs\MiKTeX\tex/latex/tools\tabular
x.sty
Package: tabularx 2023/12/11 v2.12a `tabularx' package (DPC)
\TX@col@width=\dimen157
\TX@old@table=\dimen158
\TX@old@col=\dimen159
\TX@target=\dimen160
\TX@delta=\dimen161
\TX@cols=\count298
\TX@ftn=\toks19
)
(C:\Users\CRISTIAN CHAVEZ\AppData\Local\Programs\MiKTeX\tex/latex/booktabs\book
tabs.sty
Package: booktabs 2020/01/12 v1.61803398 Publication quality tables
\heavyrulewidth=\dimen162
\lightrulewidth=\dimen163
\cmidrulewidth=\dimen164
\belowrulesep=\dimen165
\belowbottomsep=\dimen166
\aboverulesep=\dimen167
\abovetopsep=\dimen168
\cmidrulesep=\dimen169
\cmidrulekern=\dimen170
\defaultaddspace=\dimen171
\@cmidla=\count299
\@cmidlb=\count300
\@aboverulesep=\dimen172
\@belowrulesep=\dimen173
\@thisruleclass=\count301
\@lastruleclass=\count302
\@thisrulewidth=\dimen174
)
\ctableftskip=\skip119
\ctabrightskip=\skip120
\abovecolumnspenalty=\count303
\@linestogo=\count304
\@cellstogo=\count305
\@cellsincolumn=\count306
\crtok=\toks20
\@mincolumnwidth=\dimen175
\c@newflo@tctr=\count307
\mem@margin@floatbox=\box55
\@contcwidth=\skip121
\@contindw=\skip122
\abovecaptionskip=\skip123
\belowcaptionskip=\skip124
\subfloattopskip=\skip125
\subfloatcapskip=\skip126
\subfloatcaptopadj=\skip127
\subfloatbottomskip=\skip128
\subfloatlabelskip=\skip129
\subfloatcapmargin=\dimen176
\c@@contsubnum=\count308
\m@mscap@capbox=\box56
\m@mscap@fbox=\box57
\sidecapsep=\dimen177
\sidecapwidth=\dimen178
\m@m@tempdima=\dimen179
\m@mscapraise=\dimen180
\sidecapraise=\dimen181
\m@mscapmainwidth=\dimen182
\m@mscaplkern=\dimen183
\beforeepigraphskip=\skip130
\afterepigraphskip=\skip131
\epigraphwidth=\skip132
\epigraphrule=\skip133

(C:\Users\CRISTIAN CHAVEZ\AppData\Local\Programs\MiKTeX\tex/latex/hyperref\name
ref.sty
Package: nameref 2026-01-29 v2.58 Cross-referencing by name of section

(C:\Users\CRISTIAN CHAVEZ\AppData\Local\Programs\MiKTeX\tex/latex/refcount\refc
ount.sty
Package: refcount 2019/12/15 v3.6 Data extraction from label references (HO)

(C:\Users\CRISTIAN CHAVEZ\AppData\Local\Programs\MiKTeX\tex/generic/ltxcmds\ltx
cmds.sty
Package: ltxcmds 2023-12-04 v1.26 LaTeX kernel commands for general use (HO)
)
(C:\Users\CRISTIAN CHAVEZ\AppData\Local\Programs\MiKTeX\tex/generic/infwarerr\i
nfwarerr.sty
Package: infwarerr 2019/12/03 v1.5 Providing info/warning/error messages (HO)
))
(C:\Users\CRISTIAN CHAVEZ\AppData\Local\Programs\MiKTeX\tex/generic/gettitlestr
ing\gettitlestring.sty
Package: gettitlestring 2019/12/15 v1.6 Cleanup title references (HO)

(C:\Users\CRISTIAN CHAVEZ\AppData\Local\Programs\MiKTeX\tex/latex/kvoptions\kvo
ptions.sty
Package: kvoptions 2022-06-15 v3.15 Key value format for package options (HO)

(C:\Users\CRISTIAN CHAVEZ\AppData\Local\Programs\MiKTeX\tex/latex/graphics\keyv
al.sty
Package: keyval 2026-05-17 v1.15 key=value parser (DPC)
\KV@toks@=\toks21
)
(C:\Users\CRISTIAN CHAVEZ\AppData\Local\Programs\MiKTeX\tex/latex/kvsetkeys\kvs
etkeys.sty
Package: kvsetkeys 2022-10-05 v1.19 Key value parser (HO)
)))
\c@section@level=\count309
)
\tocentryskip=\skip134
\tocbaseline=\skip135
\cftparskip=\skip136
\cftbeforebookskip=\skip137
\cftbookindent=\dimen184
\cftbooknumwidth=\dimen185
\cftbeforepartskip=\skip138
\cftpartindent=\skip139
\cftpartnumwidth=\skip140
\cftbeforechapterskip=\skip141
\cftchapterindent=\skip142
\cftchapternumwidth=\skip143
\cftbeforesectionskip=\skip144
\cftsectionindent=\skip145
\cftsectionnumwidth=\skip146
\cftbeforesubsectionskip=\skip147
\cftsubsectionindent=\skip148
\cftsubsectionnumwidth=\skip149
\cftbeforesubsubsectionskip=\skip150
\cftsubsubsectionindent=\skip151
\cftsubsubsectionnumwidth=\skip152
\cftbeforeparagraphskip=\skip153
\cftparagraphindent=\skip154
\cftparagraphnumwidth=\skip155
\cftbeforesubparagraphskip=\skip156
\cftsubparagraphindent=\skip157
\cftsubparagraphnumwidth=\skip158
\prechapterprecisshift=\dimen186
\c@maxsecnumdepth=\count310
\bibindent=\dimen187
\bibitemsep=\skip159
\indexcolsep=\skip160
\indexrule=\skip161
\indexmarkstyle=\toks22
\@indexbox=\insert252
LaTeX Info: Redefining \raggedbottom on input line 8095.
LaTeX Info: Redefining \flushbottom on input line 8099.
\glossarycolsep=\dimen188
\glossaryrule=\dimen189
\sideparvshift=\skip162
\sideins=\insert251
\sidebartopsep=\skip163
\sidebarhsep=\skip164
\sidebarvsep=\skip165
\sidebarwidth=\skip166
\footmarkwidth=\skip167
\footmarksep=\skip168
\footparindent=\skip169
\footinsdim=\skip170
\footinsv@r=\insert250
\@mpfootinsv@r=\insert249
\m@m@k=\count311
\m@m@h=\dimen190
\m@mipn@skip=\skip171
\sidefootins=\insert248
\sidefootadjust=\skip172
\sidefootheight=\skip173
\sidefoothsep=\skip174
\sidefootvsep=\skip175
\sidefootwidth=\skip176
\m@mdownsf=\skip177
\c@sidefootnote=\count312
\sidefootmarkwidth=\skip178
\sidefootmarksep=\skip179
\sidefootparindent=\skip180
\c@pagenote=\count313
\c@pagenoteshadow=\count314
\mem@pn@lastkern=\skip181

(C:\Users\CRISTIAN CHAVEZ\AppData\Local\Programs\MiKTeX\tex/latex/tools\verbati
m.sty
Package: verbatim 2024-01-22 v1.5x LaTeX2e package for verbatim enhancements
\every@verbatim=\toks23
\verbatim@line=\toks24
\verbatim@in@stream=\read2
)
\verbatimindent=\skip182
\verbatim@out=\write3

(C:\Users\CRISTIAN CHAVEZ\AppData\Local\Programs\MiKTeX\tex/latex/base\shortvrb
.sty
Package: shortvrb 2026-03-13 v3.0r Standard LaTeX documentation package V3 (FMi
)
)
\bvboxsep=\skip183
\c@memfbvline=\count315
\c@bvlinectr=\count316
\bvnumlength=\skip184
\fb@frw=\dimen191
\fb@frh=\dimen192
\FrameRule=\dimen193
\FrameSep=\dimen194
\c@cp@cntr=\count317
\c@ism@mctr=\count318
\c@xsm@mctr=\count319
\c@csm@mctr=\count320
\c@ksm@mctr=\count321
\c@xksm@mctr=\count322
\c@cksm@mctr=\count323
\c@msm@mctr=\count324
\c@xmsm@mctr=\count325
\c@cmsm@mctr=\count326
\c@bsm@mctr=\count327
\c@workm@mctr=\count328
\c@sheetsequence=\count329
\c@lastsheet=\count330
\c@lastpage=\count331
\c@figure=\count332
\c@lofdepth=\count333
\cftbeforefigureskip=\skip185
\cftfigureindent=\skip186
\cftfigurenumwidth=\skip187
\c@table=\count334
\c@lotdepth=\count335
\cftbeforetableskip=\skip188
\cfttableindent=\skip189
\cfttablenumwidth=\skip190
Package abstract [2008/07/23] emulated by memoir.
Package appendix [2008/07/23] emulated by memoir.
Package ccaption [2008/07/23] emulated by memoir.
Package changepage [2008/07/23] emulated by memoir.
Package chngcntr [2008/07/23] emulated by memoir.
Package chngpage [2008/07/23] emulated by memoir.
Package crop emulated by memoir.
Package enumerate [2008/07/23] emulated by memoir.
Package epigraph [2008/07/23] emulated by memoir.
Package ifmtarg [2008/07/23] emulated by memoir.
Package index [2008/07/23] emulated by memoir.
Package makeidx [2008/07/23] emulated by memoir.
Package moreverb [2008/07/23] emulated by memoir.
Package needspace [2008/07/23] emulated by memoir.
Package newfile [2008/07/23] emulated by memoir.
Package nextpage [2008/07/23] emulated by memoir.
Package pagenote [2008/07/23] emulated by memoir.
Package parskip [2008/07/23] emulated by memoir.
Package patchcmd [2008/07/23] emulated by memoir.
Package setspace [2008/07/23] emulated by memoir.
Package showidx [2008/07/23] emulated by memoir.
Package titleref [2008/07/23] emulated by memoir.
Package titling [2008/07/23] emulated by memoir.
Package tocbibind [2008/07/23] emulated by memoir.
Package tocloft [2008/07/23] emulated by memoir.
Package tocvsec2 [2008/07/23] emulated by memoir.
Package verse [2008/07/23] emulated by memoir.
)
(C:\Users\CRISTIAN CHAVEZ\AppData\Local\Programs\MiKTeX\tex/latex/base\inputenc
.sty
Package: inputenc 2024/02/08 v1.3d Input encoding file
\inpenc@prehook=\toks25
\inpenc@posthook=\toks26
)
(C:\Users\CRISTIAN CHAVEZ\AppData\Local\Programs\MiKTeX\tex/latex/base\fontenc.
sty
Package: fontenc 2025/07/18 v2.1d Standard LaTeX package
)
(C:\Users\CRISTIAN CHAVEZ\AppData\Local\Programs\MiKTeX\tex/latex/lm\lmodern.st
y
Package: lmodern 2015/05/01 v1.6.1 Latin Modern Fonts
LaTeX Font Info:    Overwriting symbol font `operators' in version `normal'
(Font)                  OT1/cmr/m/n --> OT1/lmr/m/n on input line 22.
LaTeX Font Info:    Overwriting symbol font `letters' in version `normal'
(Font)                  OML/cmm/m/it --> OML/lmm/m/it on input line 23.
LaTeX Font Info:    Overwriting symbol font `symbols' in version `normal'
(Font)                  OMS/cmsy/m/n --> OMS/lmsy/m/n on input line 24.
LaTeX Font Info:    Overwriting symbol font `largesymbols' in version `normal'
(Font)                  OMX/cmex/m/n --> OMX/lmex/m/n on input line 25.
LaTeX Font Info:    Overwriting symbol font `operators' in version `bold'
(Font)                  OT1/cmr/bx/n --> OT1/lmr/bx/n on input line 26.
LaTeX Font Info:    Overwriting symbol font `letters' in version `bold'
(Font)                  OML/cmm/b/it --> OML/lmm/b/it on input line 27.
LaTeX Font Info:    Overwriting symbol font `symbols' in version `bold'
(Font)                  OMS/cmsy/b/n --> OMS/lmsy/b/n on input line 28.
LaTeX Font Info:    Overwriting symbol font `largesymbols' in version `bold'
(Font)                  OMX/cmex/m/n --> OMX/lmex/m/n on input line 29.
LaTeX Font Info:    Overwriting math alphabet `\mathbf' in version `normal'
(Font)                  OT1/cmr/bx/n --> OT1/lmr/bx/n on input line 31.
LaTeX Font Info:    Overwriting math alphabet `\mathsf' in version `normal'
(Font)                  OT1/cmss/m/n --> OT1/lmss/m/n on input line 32.
LaTeX Font Info:    Overwriting math alphabet `\mathit' in version `normal'
(Font)                  OT1/cmr/m/it --> OT1/lmr/m/it on input line 33.
LaTeX Font Info:    Overwriting math alphabet `\mathtt' in version `normal'
(Font)                  OT1/cmtt/m/n --> OT1/lmtt/m/n on input line 34.
LaTeX Font Info:    Overwriting math alphabet `\mathbf' in version `bold'
(Font)                  OT1/cmr/bx/n --> OT1/lmr/bx/n on input line 35.
LaTeX Font Info:    Overwriting math alphabet `\mathsf' in version `bold'
(Font)                  OT1/cmss/bx/n --> OT1/lmss/bx/n on input line 36.
LaTeX Font Info:    Overwriting math alphabet `\mathit' in version `bold'
(Font)                  OT1/cmr/bx/it --> OT1/lmr/bx/it on input line 37.
LaTeX Font Info:    Overwriting math alphabet `\mathtt' in version `bold'
(Font)                  OT1/cmtt/m/n --> OT1/lmtt/m/n on input line 38.
)
(C:\Users\CRISTIAN CHAVEZ\AppData\Local\Programs\MiKTeX\tex/generic/babel\babel
.sty
Package: babel 2026/06/14 v26.9 The multilingual framework for LuaLaTeX, pdfLaT
eX and XeLaTeX
\babel@savecnt=\count336
LaTeX Encoding Info:    Redeclaring text command \ij (encoding OT1) on input li
ne 2084.
LaTeX Encoding Info:    Redeclaring text command \IJ (encoding OT1) on input li
ne 2086.
LaTeX Encoding Info:    Redeclaring text command \ij (encoding T1) on input lin
e 2088.
LaTeX Encoding Info:    Redeclaring text command \IJ (encoding T1) on input lin
e 2089.
LaTeX Encoding Info:    Ignoring declaration for text command \ij (encoding ?) 
on input line 2090.
LaTeX Encoding Info:    Ignoring declaration for text command \IJ (encoding ?) 
on input line 2092.
LaTeX Encoding Info:    Ignoring declaration for text command \SS (encoding ?) 
on input line 2117.
\U@D=\dimen195
\l@unhyphenated=\language79

(C:\Users\CRISTIAN CHAVEZ\AppData\Local\Programs\MiKTeX\tex/generic/babel\txtba
bel.def)
\bbl@readstream=\read3
\bbl@dirlevel=\count337
Package babel Info: Configuration files are deprecated, as
(babel)             they can break document portability.
(babel)             Reported on input line 4252.

*************************************
* Local config file bblopts.cfg used
*

(C:\Users\CRISTIAN CHAVEZ\AppData\Local\Programs\MiKTeX\tex/latex/arabi\bblopts
.cfg
File: bblopts.cfg 2005/09/08 v0.1 add Arabic and Farsi to "declared" options of
 babel
)
(C:\Users\CRISTIAN CHAVEZ\AppData\Local\Programs\MiKTeX\tex/generic/babel/local
e/es\babel-spanish.tex)
Package babel Info: Importing font and identification data for 'spanish'
(babel)             from babel-es.ini. Reported on input line 4380.

(C:\Users\CRISTIAN CHAVEZ\AppData\Local\Programs\MiKTeX\tex/latex/babel-spanish
\spanish.ldf
Language: spanish.ldf 2021/05/27 v5.0q Spanish support from the babel system
\es@quottoks=\toks27
\es@quotdepth=\count338
Package babel Info: Making " an active character on input line 570.
Package babel Info: Making . an active character on input line 675.
Package babel Info: Making < an active character on input line 722.
Package babel Info: Making > an active character on input line 722.
))
LaTeX Encoding Info:    Redeclaring text command \guillemotleft (encoding OT1) 
on input line 6.
LaTeX Encoding Info:    Redeclaring text command \guillemotright (encoding OT1)
 on input line 6.

(C:\Users\CRISTIAN CHAVEZ\AppData\Local\Programs\MiKTeX\tex/latex/amsmath\amsma
th.sty
Package: amsmath 2026/05/19 v2.18d AMS math features
\@mathmargin=\skip191

For additional information on amsmath, use the `?' option.

(C:\Users\CRISTIAN CHAVEZ\AppData\Local\Programs\MiKTeX\tex/latex/amsmath\amste
xt.sty
Package: amstext 2024/11/17 v2.01 AMS text

(C:\Users\CRISTIAN CHAVEZ\AppData\Local\Programs\MiKTeX\tex/latex/amsmath\amsge
n.sty
File: amsgen.sty 1999/11/30 v2.0 generic functions
\@emptytoks=\toks28
\ex@=\dimen196
))
(C:\Users\CRISTIAN CHAVEZ\AppData\Local\Programs\MiKTeX\tex/latex/amsmath\amsbs
y.sty
Package: amsbsy 1999/11/29 v1.2d Bold Symbols
\pmbraise@=\dimen197
)
(C:\Users\CRISTIAN CHAVEZ\AppData\Local\Programs\MiKTeX\tex/latex/amsmath\amsop
n.sty
Package: amsopn 2022/04/08 v2.04 operator names
)
\inf@bad=\count339
LaTeX Info: Redefining \frac on input line 233.
\uproot@=\count340
\leftroot@=\count341
LaTeX Info: Redefining \overline on input line 398.
LaTeX Info: Redefining \colon on input line 409.
\classnum@=\count342
\DOTSCASE@=\count343
LaTeX Info: Redefining \ldots on input line 495.
LaTeX Info: Redefining \dots on input line 498.
LaTeX Info: Redefining \cdots on input line 619.
\Mathstrutbox@=\box58
\strutbox@=\box59
LaTeX Info: Redefining \big on input line 721.
LaTeX Info: Redefining \Big on input line 722.
LaTeX Info: Redefining \bigg on input line 723.
LaTeX Info: Redefining \Bigg on input line 724.
\big@size=\dimen198
LaTeX Font Info:    Redeclaring font encoding OML on input line 742.
LaTeX Font Info:    Redeclaring font encoding OMS on input line 743.
\macc@depth=\count344
LaTeX Info: Redefining \bmod on input line 904.
LaTeX Info: Redefining \pmod on input line 909.
LaTeX Info: Redefining \smash on input line 939.
LaTeX Info: Redefining \relbar on input line 969.
LaTeX Info: Redefining \Relbar on input line 970.
\c@MaxMatrixCols=\count345
\dotsspace@=\muskip17
\c@parentequation=\count346
\dspbrk@lvl=\count347
\tag@help=\toks29
\row@=\count348
\column@=\count349
\maxfields@=\count350
\andhelp@=\toks30
\eqnshift@=\dimen199
\alignsep@=\dimen256
\tagshift@=\dimen257
\tagwidth@=\dimen258
\totwidth@=\dimen259
\lineht@=\dimen260
\@envbody=\toks31
\multlinegap=\skip192
\multlinetaggap=\skip193
\mathdisplay@stack=\toks32
LaTeX Info: Redefining \[ on input line 2965.
LaTeX Info: Redefining \] on input line 2966.
)
(C:\Users\CRISTIAN CHAVEZ\AppData\Local\Programs\MiKTeX\tex/latex/amsfonts\amss
ymb.sty
Package: amssymb 2013/01/14 v3.01 AMS font symbols

(C:\Users\CRISTIAN CHAVEZ\AppData\Local\Programs\MiKTeX\tex/latex/amsfonts\amsf
onts.sty
Package: amsfonts 2013/01/14 v3.01 Basic AMSFonts support
\symAMSa=\mathgroup4
\symAMSb=\mathgroup5
LaTeX Font Info:    Redeclaring math symbol \hbar on input line 98.
LaTeX Font Info:    Overwriting math alphabet `\mathfrak' in version `bold'
(Font)                  U/euf/m/n --> U/euf/b/n on input line 106.
))
(C:\Users\CRISTIAN CHAVEZ\AppData\Local\Programs\MiKTeX\tex/latex/graphics\grap
hicx.sty
Package: graphicx 2026-05-17 v1.2e Enhanced LaTeX Graphics (DPC,SPQR)

(C:\Users\CRISTIAN CHAVEZ\AppData\Local\Programs\MiKTeX\tex/latex/graphics\grap
hics.sty
Package: graphics 2026-05-17 v1.4h Standard LaTeX Graphics (DPC,SPQR)

(C:\Users\CRISTIAN CHAVEZ\AppData\Local\Programs\MiKTeX\tex/latex/graphics\trig
.sty
Package: trig 2023/12/02 v1.11 sin cos tan (DPC)
)
(C:\Users\CRISTIAN CHAVEZ\AppData\Local\Programs\MiKTeX\tex/latex/graphics-cfg\
graphics.cfg
File: graphics.cfg 2016/06/04 v1.11 sample graphics configuration
)
Package graphics Info: Driver file: pdftex.def on input line 106.

(C:\Users\CRISTIAN CHAVEZ\AppData\Local\Programs\MiKTeX\tex/latex/graphics-def\
pdftex.def
File: pdftex.def 2025/09/29 v1.2d Graphics/color driver for pdftex
))
\Gin@req@height=\dimen261
\Gin@req@width=\dimen262
)
(C:\Users\CRISTIAN CHAVEZ\AppData\Local\Programs\MiKTeX\tex/latex/threeparttabl
e\threeparttable.sty
Package: threeparttable 2003/06/13  v 3.0
\@tempboxb=\box60
)
(C:\Users\CRISTIAN CHAVEZ\AppData\Local\Programs\MiKTeX\tex/latex/pdflscape\pdf
lscape.sty
Package: pdflscape 2022-10-27 v0.13 Display of landscape pages in PDF

(C:\Users\CRISTIAN CHAVEZ\AppData\Local\Programs\MiKTeX\tex/latex/pdflscape\pdf
lscape-nometadata.sty
Package: pdflscape-nometadata 2022-10-28 v0.13 Display of landscape pages in PD
F (HO)

(C:\Users\CRISTIAN CHAVEZ\AppData\Local\Programs\MiKTeX\tex/latex/graphics\lsca
pe.sty
Package: lscape 2020/05/28 v3.02 Landscape Pages (DPC)
)
Package pdflscape Info: Auto-detected driver: pdftex on input line 81.
))
(C:\Users\CRISTIAN CHAVEZ\AppData\Local\Programs\MiKTeX\tex/latex/listings\list
ings.sty
\lst@mode=\count351
\lst@gtempboxa=\box61
\lst@token=\toks33
\lst@length=\count352
\lst@currlwidth=\dimen263
\lst@column=\count353
\lst@pos=\count354
\lst@lostspace=\dimen264
\lst@width=\dimen265
\lst@newlines=\count355
\lst@lineno=\count356
\lst@maxwidth=\dimen266

(C:\Users\CRISTIAN CHAVEZ\AppData\Local\Programs\MiKTeX\tex/latex/listings\lstp
atch.sty
File: lstpatch.sty 2025/11/14 1.11b (Carsten Heinz)
)
(C:\Users\CRISTIAN CHAVEZ\AppData\Local\Programs\MiKTeX\tex/latex/listings\lstm
isc.sty
File: lstmisc.sty 2025/11/14 1.11b (Carsten Heinz)
\c@lstnumber=\count357
\lst@skipnumbers=\count358
\lst@framebox=\box62
)
(C:\Users\CRISTIAN CHAVEZ\AppData\Local\Programs\MiKTeX\tex/latex/listings\list
ings.cfg
File: listings.cfg 2025/11/14 1.11b listings configuration
))
Package: listings 2025/11/14 1.11b (Carsten Heinz)

(C:\Users\CRISTIAN CHAVEZ\AppData\Local\Programs\MiKTeX\tex/latex/listings\lstl
ang1.sty
File: lstlang1.sty 2025/11/14 1.11b listings language file
)
(C:\Users\CRISTIAN CHAVEZ\AppData\Local\Programs\MiKTeX\tex/latex/ragged2e\ragg
ed2e.sty
Package: ragged2e 2023/06/22 v3.6 ragged2e Package
\CenteringLeftskip=\skip194
\RaggedLeftLeftskip=\skip195
\RaggedRightLeftskip=\skip196
\CenteringRightskip=\skip197
\RaggedLeftRightskip=\skip198
\RaggedRightRightskip=\skip199
\CenteringParfillskip=\skip256
\RaggedLeftParfillskip=\skip257
\RaggedRightParfillskip=\skip258
\JustifyingParfillskip=\skip259
\CenteringParindent=\skip260
\RaggedLeftParindent=\skip261
\RaggedRightParindent=\skip262
\JustifyingParindent=\skip263
)
(C:\Users\CRISTIAN CHAVEZ\AppData\Local\Programs\MiKTeX\tex/latex/microtype\mic
rotype.sty
Package: microtype 2026/03/01 v3.2d Micro-typographical refinements (RS)
\MT@toks=\toks34
\MT@tempbox=\box63
\MT@count=\count359
LaTeX Info: Redefining \noprotrusionifhmode on input line 1084.
LaTeX Info: Redefining \leftprotrusion on input line 1085.
\MT@prot@toks=\toks35
LaTeX Info: Redefining \rightprotrusion on input line 1104.
LaTeX Info: Redefining \textls on input line 1449.
\MT@outer@kern=\dimen267
LaTeX Info: Redefining \microtypecontext on input line 2053.
LaTeX Info: Redefining \textmicrotypecontext on input line 2070.
\MT@listname@count=\count360

(C:\Users\CRISTIAN CHAVEZ\AppData\Local\Programs\MiKTeX\tex/latex/microtype\mic
rotype-pdftex.def
File: microtype-pdftex.def 2026/03/01 v3.2d Definitions specific to pdftex (RS)

LaTeX Info: Redefining \lsstyle on input line 944.
LaTeX Info: Redefining \lslig on input line 944.
\MT@outer@space=\skip264
)
Package microtype Info: Loading configuration file microtype.cfg.

(C:\Users\CRISTIAN CHAVEZ\AppData\Local\Programs\MiKTeX\tex/latex/microtype\mic
rotype.cfg
File: microtype.cfg 2026/03/01 v3.2d microtype main configuration file (RS)
)
LaTeX Info: Redefining \microtypesetup on input line 3065.
)
(C:\Users\CRISTIAN CHAVEZ\AppData\Local\Programs\MiKTeX\tex/latex/physics\physi
cs.sty
Package: physics 
)
(C:\Users\CRISTIAN CHAVEZ\AppData\Local\Programs\MiKTeX\tex/latex/mhchem\mhchem
.sty
Package: mhchem 2024/01/29 v4.10 for typesetting chemical formulae

(C:\Users\CRISTIAN CHAVEZ\AppData\Local\Programs\MiKTeX\tex/latex/l3packages/l3
keys2e\l3keys2e.sty
Package: l3keys2e 2025-10-09 LaTeX2e option processing using LaTeX3 keys
)
(C:\Users\CRISTIAN CHAVEZ\AppData\Local\Programs\MiKTeX\tex/latex/tools\calc.st
y
Package: calc 2025/03/01 v4.3b Infix arithmetic (KKT,FJ)
\calc@Acount=\count361
\calc@Bcount=\count362
\calc@Adimen=\dimen268
\calc@Bdimen=\dimen269
\calc@Askip=\skip265
\calc@Bskip=\skip266
LaTeX Info: Redefining \setlength on input line 86.
LaTeX Info: Redefining \addtolength on input line 87.
\calc@Ccount=\count363
\calc@Cskip=\skip267
)
(C:\Users\CRISTIAN CHAVEZ\AppData\Local\Programs\MiKTeX\tex/latex/chemgreek\che
mgreek.sty
Package: chemgreek 2020/01/16 v1.1a interface for upright Greek letters for use
 in chemistry (CN)
\l__chemgreek_tmpa_int=\count364
\g__chemgreek_tmpa_int=\count365
)
\l__mhchem_ce_distanceFromLastComma_int=\count366
\__mhchem_arrow_extPgfLength_skip=\skip268
\mhchem@minispace@tmp=\skip269
\mhchem@minibackspace@tmp=\skip270
\mhchem@bondwidth=\skip271
\mhchem@bondheight=\skip272
\mhchem@smallbondwidth@tmpA=\skip273
\mhchem@smallbondwidth@tmpB=\skip274
\mhchem@smallbondwidth=\skip275
\mhchem@bondtmp@minussidebearingleft=\skip276
\mhchem@bondtmp@minussidebearingright=\skip277
\l__mhchem_option_version_int=\count367
\mhchem@option@minusmathsidebearingleft=\dimen270
\mhchem@option@minusmathsidebearingright=\dimen271
\mhchem@option@minustextsidebearingleft=\dimen272
\mhchem@option@minustextsidebearingright=\dimen273
)
(C:\Users\CRISTIAN CHAVEZ\AppData\Local\Programs\MiKTeX\tex/latex/gensymb\gensy
mb.sty
Package: gensymb 2022/10/17 v1.0.2 (KJH)
)
(C:\Users\CRISTIAN CHAVEZ\AppData\Local\Programs\MiKTeX\tex/latex/base\atbegshi
-ltx.sty
Package: atbegshi-ltx 2021/01/10 v1.0c Emulation of the original atbegshi
package with kernel methods
)
(C:\Users\CRISTIAN CHAVEZ\AppData\Local\Programs\MiKTeX\tex/latex/eso-pic\eso-p
ic.sty
Package: eso-pic 2026/05/31 v3.0e eso-pic (RN)
\ESO@tempdima=\dimen274
\ESO@tempdimb=\dimen275

(C:\Users\CRISTIAN CHAVEZ\AppData\Local\Programs\MiKTeX\tex/latex/xcolor\xcolor
.sty
Package: xcolor 2024/09/29 v3.02 LaTeX color extensions (UK)

(C:\Users\CRISTIAN CHAVEZ\AppData\Local\Programs\MiKTeX\tex/latex/graphics-cfg\
color.cfg
File: color.cfg 2016/01/02 v1.6 sample color configuration
)
Package xcolor Info: Driver file: pdftex.def on input line 274.

(C:\Users\CRISTIAN CHAVEZ\AppData\Local\Programs\MiKTeX\tex/latex/graphics\math
color.ltx)
Package xcolor Info: Model `cmy' substituted by `cmy0' on input line 1349.
Package xcolor Info: Model `hsb' substituted by `rgb' on input line 1353.
Package xcolor Info: Model `RGB' extended on input line 1365.
Package xcolor Info: Model `HTML' substituted by `rgb' on input line 1367.
Package xcolor Info: Model `Hsb' substituted by `hsb' on input line 1368.
Package xcolor Info: Model `tHsb' substituted by `hsb' on input line 1369.
Package xcolor Info: Model `HSB' substituted by `hsb' on input line 1370.
Package xcolor Info: Model `Gray' substituted by `gray' on input line 1371.
Package xcolor Info: Model `wave' substituted by `hsb' on input line 1372.
))
(C:\Users\CRISTIAN CHAVEZ\AppData\Local\Programs\MiKTeX\tex/latex/float\float.s
ty
Package: float 2001/11/08 v1.3d Float enhancements (AL)
\c@float@type=\count368
\float@exts=\toks36
\float@box=\box64
\@float@everytoks=\toks37
\@floatcapt=\box65
)
(C:\Users\CRISTIAN CHAVEZ\AppData\Local\Programs\MiKTeX\tex/latex/caption\capti
on.sty
Package: caption 2023/08/05 v3.6o Customizing captions (AR)

(C:\Users\CRISTIAN CHAVEZ\AppData\Local\Programs\MiKTeX\tex/latex/caption\capti
on3.sty
Package: caption3 2023/07/31 v2.4d caption3 kernel (AR)
\caption@tempdima=\dimen276
\captionmargin=\dimen277
\caption@leftmargin=\dimen278
\caption@rightmargin=\dimen279
\caption@width=\dimen280
\caption@indent=\dimen281
\caption@parindent=\dimen282
\caption@hangindent=\dimen283
Package caption Info: memoir document class detected.

(C:\Users\CRISTIAN CHAVEZ\AppData\Local\Programs\MiKTeX\tex/latex/caption\capti
on-memoir.sto
File: caption-memoir.sto 2023/09/08 v2.2c Adaption of the caption package to th
e memoir document class (AR)
))
\c@caption@flags=\count369
\c@continuedfloat=\count370
Package caption Info: changepage package is loaded.
\caption@adjustwidth@hsize=\dimen284
\caption@adjustwidth@linewidth=\dimen285
Package caption Info: float package is loaded.
Package caption Info: listings package is loaded.
Package caption Info: threeparttable package is loaded.
)
(C:\Users\CRISTIAN CHAVEZ\AppData\Local\Programs\MiKTeX\tex/latex/csquotes\csqu
otes.sty
Package: csquotes 2026-05-19 v5.2p context-sensitive quotations (JAW)
\csq@reset=\count371
\csq@gtype=\count372
\csq@glevel=\count373
\csq@qlevel=\count374
\csq@maxlvl=\count375
\csq@tshold=\count376
\csq@ltx@everypar=\toks38

(C:\Users\CRISTIAN CHAVEZ\AppData\Local\Programs\MiKTeX\tex/latex/csquotes\csqu
otes.def
File: csquotes.def 2026-05-19 v5.2p csquotes generic definitions (JAW)
)
Package csquotes Info: Trying to load configuration file 'csquotes.cfg'...
Package csquotes Info: ... configuration file loaded successfully.

(C:\Users\CRISTIAN CHAVEZ\AppData\Local\Programs\MiKTeX\tex/latex/csquotes\csqu
otes.cfg
File: csquotes.cfg 
))
(C:\Users\CRISTIAN CHAVEZ\AppData\Local\Programs\MiKTeX\tex/latex/textpos\textp
os.sty
Package: textpos 2022/07/23 v1.10.1
Package textpos Info: choosing support for LaTeX3 on input line 60.
\TP@textbox=\box66
\TP@holdbox=\box67
\TPHorizModule=\dimen286
\TPVertModule=\dimen287
\TP@margin=\dimen288
\TP@absmargin=\dimen289

Grid set 16 x 16 = 37.34424pt x 52.81541pt
\TPboxrulesize=\dimen290
\TP@ox=\dimen291
\TP@oy=\dimen292
\TP@tbargs=\toks39
TextBlockOrigin set to 0pt x 0pt
)
(C:\Users\CRISTIAN CHAVEZ\AppData\Local\Programs\MiKTeX\tex/latex/geometry\geom
etry.sty
Package: geometry 2026/03/07 v6.0 Page Geometry

(C:\Users\CRISTIAN CHAVEZ\AppData\Local\Programs\MiKTeX\tex/generic/iftex\ifvte
x.sty
Package: ifvtex 2019/10/25 v1.7 ifvtex legacy package. Use iftex instead.
)
\Gm@cnth=\count377
\Gm@cntv=\count378
\c@Gm@tempcnt=\count379
\Gm@bindingoffset=\dimen293
\Gm@wd@mp=\dimen294
\Gm@odd@mp=\dimen295
\Gm@even@mp=\dimen296
\Gm@layoutwidth=\dimen297
\Gm@layoutheight=\dimen298
\Gm@layouthoffset=\dimen299
\Gm@layoutvoffset=\dimen300
\Gm@dimlist=\toks40

(C:\Users\CRISTIAN CHAVEZ\AppData\Local\Programs\MiKTeX\tex/latex/geometry\geom
etry.cfg))
(C:\Users\CRISTIAN CHAVEZ\AppData\Local\Programs\MiKTeX\tex/latex/multirow\mult
irow.sty
Package: multirow 2024/11/12 v2.9 Span multiple rows of a table
\multirow@colwidth=\skip278
\multirow@cntb=\count380
\multirow@dima=\skip279
\bigstrutjot=\dimen301
)
(C:\Users\CRISTIAN CHAVEZ\AppData\Local\Programs\MiKTeX\tex/latex/tabulary\tabu
lary.sty
Package: tabulary 2024/06/04 v0.11 tabulary package (DPC)
\TY@count=\count381
\TY@linewidth=\dimen302
\tymin=\dimen303
\tymax=\dimen304
\TY@tablewidth=\dimen305
)
(C:\Users\CRISTIAN CHAVEZ\AppData\Local\Programs\MiKTeX\tex/latex/caption\subca
ption.sty
Package: subcaption 2023/07/28 v1.6b Sub-captions (AR)
Package caption Info: New subtype `subfigure' on input line 238.
\c@subfigure=\count382
Package caption Info: New subtype `subtable' on input line 238.
\c@subtable=\count383
)
(C:\Users\CRISTIAN CHAVEZ\AppData\Local\Programs\MiKTeX\tex/latex/pgf/frontendl
ayer\tikz.sty
(C:\Users\CRISTIAN CHAVEZ\AppData\Local\Programs\MiKTeX\tex/latex/pgf/basiclaye
r\pgf.sty
(C:\Users\CRISTIAN CHAVEZ\AppData\Local\Programs\MiKTeX\tex/latex/pgf/utilities
\pgfrcs.sty
(C:\Users\CRISTIAN CHAVEZ\AppData\Local\Programs\MiKTeX\tex/generic/pgf/utiliti
es\pgfutil-common.tex
\pgfutil@everybye=\toks41
\pgfutil@tempdima=\dimen306
\pgfutil@tempdimb=\dimen307
)
(C:\Users\CRISTIAN CHAVEZ\AppData\Local\Programs\MiKTeX\tex/generic/pgf/utiliti
es\pgfutil-latex.def
\pgfutil@abb=\box68
)
(C:\Users\CRISTIAN CHAVEZ\AppData\Local\Programs\MiKTeX\tex/generic/pgf/utiliti
es\pgfrcs.code.tex
(C:\Users\CRISTIAN CHAVEZ\AppData\Local\Programs\MiKTeX\tex/generic/pgf\pgf.rev
ision.tex)
Package: pgfrcs 2025-08-29 v3.1.11a (3.1.11a)
))
Package: pgf 2025-08-29 v3.1.11a (3.1.11a)

(C:\Users\CRISTIAN CHAVEZ\AppData\Local\Programs\MiKTeX\tex/latex/pgf/basiclaye
r\pgfcore.sty
(C:\Users\CRISTIAN CHAVEZ\AppData\Local\Programs\MiKTeX\tex/latex/pgf/systemlay
er\pgfsys.sty
(C:\Users\CRISTIAN CHAVEZ\AppData\Local\Programs\MiKTeX\tex/generic/pgf/systeml
ayer\pgfsys.code.tex
Package: pgfsys 2025-08-29 v3.1.11a (3.1.11a)

(C:\Users\CRISTIAN CHAVEZ\AppData\Local\Programs\MiKTeX\tex/generic/pgf/utiliti
es\pgfkeys.code.tex
\pgfkeys@pathtoks=\toks42
\pgfkeys@temptoks=\toks43

(C:\Users\CRISTIAN CHAVEZ\AppData\Local\Programs\MiKTeX\tex/generic/pgf/utiliti
es\pgfkeyslibraryfiltered.code.tex
\pgfkeys@tmptoks=\toks44
))
\pgf@x=\dimen308
\pgf@y=\dimen309
\pgf@xa=\dimen310
\pgf@ya=\dimen311
\pgf@xb=\dimen312
\pgf@yb=\dimen313
\pgf@xc=\dimen314
\pgf@yc=\dimen315
\pgf@xd=\dimen316
\pgf@yd=\dimen317
\w@pgf@writea=\write4
\r@pgf@reada=\read4
\c@pgf@counta=\count384
\c@pgf@countb=\count385
\c@pgf@countc=\count386
\c@pgf@countd=\count387
\t@pgf@toka=\toks45
\t@pgf@tokb=\toks46
\t@pgf@tokc=\toks47
\pgf@sys@id@count=\count388

(C:\Users\CRISTIAN CHAVEZ\AppData\Local\Programs\MiKTeX\tex/generic/pgf/systeml
ayer\pgf.cfg
File: pgf.cfg 2025-08-29 v3.1.11a (3.1.11a)
)
Driver file for pgf: pgfsys-pdftex.def

(C:\Users\CRISTIAN CHAVEZ\AppData\Local\Programs\MiKTeX\tex/generic/pgf/systeml
ayer\pgfsys-pdftex.def
File: pgfsys-pdftex.def 2025-08-29 v3.1.11a (3.1.11a)

(C:\Users\CRISTIAN CHAVEZ\AppData\Local\Programs\MiKTeX\tex/generic/pgf/systeml
ayer\pgfsys-common-pdf.def
File: pgfsys-common-pdf.def 2025-08-29 v3.1.11a (3.1.11a)
)))
(C:\Users\CRISTIAN CHAVEZ\AppData\Local\Programs\MiKTeX\tex/generic/pgf/systeml
ayer\pgfsyssoftpath.code.tex
File: pgfsyssoftpath.code.tex 2025-08-29 v3.1.11a (3.1.11a)
\pgfsyssoftpath@smallbuffer@items=\count389
\pgfsyssoftpath@bigbuffer@items=\count390
)
(C:\Users\CRISTIAN CHAVEZ\AppData\Local\Programs\MiKTeX\tex/generic/pgf/systeml
ayer\pgfsysprotocol.code.tex
File: pgfsysprotocol.code.tex 2025-08-29 v3.1.11a (3.1.11a)
))
(C:\Users\CRISTIAN CHAVEZ\AppData\Local\Programs\MiKTeX\tex/generic/pgf/basicla
yer\pgfcore.code.tex
Package: pgfcore 2025-08-29 v3.1.11a (3.1.11a)

(C:\Users\CRISTIAN CHAVEZ\AppData\Local\Programs\MiKTeX\tex/generic/pgf/math\pg
fmath.code.tex
(C:\Users\CRISTIAN CHAVEZ\AppData\Local\Programs\MiKTeX\tex/generic/pgf/math\pg
fmathutil.code.tex)
(C:\Users\CRISTIAN CHAVEZ\AppData\Local\Programs\MiKTeX\tex/generic/pgf/math\pg
fmathparser.code.tex
\pgfmath@dimen=\dimen318
\pgfmath@count=\count391
\pgfmath@box=\box69
\pgfmath@toks=\toks48
\pgfmath@stack@operand=\toks49
\pgfmath@stack@operation=\toks50
)
(C:\Users\CRISTIAN CHAVEZ\AppData\Local\Programs\MiKTeX\tex/generic/pgf/math\pg
fmathfunctions.code.tex)
(C:\Users\CRISTIAN CHAVEZ\AppData\Local\Programs\MiKTeX\tex/generic/pgf/math\pg
fmathfunctions.basic.code.tex)
(C:\Users\CRISTIAN CHAVEZ\AppData\Local\Programs\MiKTeX\tex/generic/pgf/math\pg
fmathfunctions.trigonometric.code.tex)
(C:\Users\CRISTIAN CHAVEZ\AppData\Local\Programs\MiKTeX\tex/generic/pgf/math\pg
fmathfunctions.random.code.tex)
(C:\Users\CRISTIAN CHAVEZ\AppData\Local\Programs\MiKTeX\tex/generic/pgf/math\pg
fmathfunctions.comparison.code.tex)
(C:\Users\CRISTIAN CHAVEZ\AppData\Local\Programs\MiKTeX\tex/generic/pgf/math\pg
fmathfunctions.base.code.tex)
(C:\Users\CRISTIAN CHAVEZ\AppData\Local\Programs\MiKTeX\tex/generic/pgf/math\pg
fmathfunctions.round.code.tex)
(C:\Users\CRISTIAN CHAVEZ\AppData\Local\Programs\MiKTeX\tex/generic/pgf/math\pg
fmathfunctions.misc.code.tex)
(C:\Users\CRISTIAN CHAVEZ\AppData\Local\Programs\MiKTeX\tex/generic/pgf/math\pg
fmathfunctions.integerarithmetics.code.tex)
(C:\Users\CRISTIAN CHAVEZ\AppData\Local\Programs\MiKTeX\tex/generic/pgf/math\pg
fmathcalc.code.tex)
(C:\Users\CRISTIAN CHAVEZ\AppData\Local\Programs\MiKTeX\tex/generic/pgf/math\pg
fmathfloat.code.tex
\c@pgfmathroundto@lastzeros=\count392
))
(C:\Users\CRISTIAN CHAVEZ\AppData\Local\Programs\MiKTeX\tex/generic/pgf/math\pg
fint.code.tex)
(C:\Users\CRISTIAN CHAVEZ\AppData\Local\Programs\MiKTeX\tex/generic/pgf/basicla
yer\pgfcorepoints.code.tex
File: pgfcorepoints.code.tex 2025-08-29 v3.1.11a (3.1.11a)
\pgf@picminx=\dimen319
\pgf@picmaxx=\dimen320
\pgf@picminy=\dimen321
\pgf@picmaxy=\dimen322
\pgf@pathminx=\dimen323
\pgf@pathmaxx=\dimen324
\pgf@pathminy=\dimen325
\pgf@pathmaxy=\dimen326
\pgf@xx=\dimen327
\pgf@xy=\dimen328
\pgf@yx=\dimen329
\pgf@yy=\dimen330
\pgf@zx=\dimen331
\pgf@zy=\dimen332
)
(C:\Users\CRISTIAN CHAVEZ\AppData\Local\Programs\MiKTeX\tex/generic/pgf/basicla
yer\pgfcorepathconstruct.code.tex
File: pgfcorepathconstruct.code.tex 2025-08-29 v3.1.11a (3.1.11a)
\pgf@path@lastx=\dimen333
\pgf@path@lasty=\dimen334
)
(C:\Users\CRISTIAN CHAVEZ\AppData\Local\Programs\MiKTeX\tex/generic/pgf/basicla
yer\pgfcorepathusage.code.tex
File: pgfcorepathusage.code.tex 2025-08-29 v3.1.11a (3.1.11a)
\pgf@shorten@end@additional=\dimen335
\pgf@shorten@start@additional=\dimen336
)
(C:\Users\CRISTIAN CHAVEZ\AppData\Local\Programs\MiKTeX\tex/generic/pgf/basicla
yer\pgfcorescopes.code.tex
File: pgfcorescopes.code.tex 2025-08-29 v3.1.11a (3.1.11a)
\pgfpic=\box70
\pgf@hbox=\box71
\pgf@layerbox@main=\box72
\pgf@picture@serial@count=\count393
)
(C:\Users\CRISTIAN CHAVEZ\AppData\Local\Programs\MiKTeX\tex/generic/pgf/basicla
yer\pgfcoregraphicstate.code.tex
File: pgfcoregraphicstate.code.tex 2025-08-29 v3.1.11a (3.1.11a)
\pgflinewidth=\dimen337
)
(C:\Users\CRISTIAN CHAVEZ\AppData\Local\Programs\MiKTeX\tex/generic/pgf/basicla
yer\pgfcoretransformations.code.tex
File: pgfcoretransformations.code.tex 2025-08-29 v3.1.11a (3.1.11a)
\pgf@pt@x=\dimen338
\pgf@pt@y=\dimen339
\pgf@pt@temp=\dimen340
)
(C:\Users\CRISTIAN CHAVEZ\AppData\Local\Programs\MiKTeX\tex/generic/pgf/basicla
yer\pgfcorequick.code.tex
File: pgfcorequick.code.tex 2025-08-29 v3.1.11a (3.1.11a)
)
(C:\Users\CRISTIAN CHAVEZ\AppData\Local\Programs\MiKTeX\tex/generic/pgf/basicla
yer\pgfcoreobjects.code.tex
File: pgfcoreobjects.code.tex 2025-08-29 v3.1.11a (3.1.11a)
)
(C:\Users\CRISTIAN CHAVEZ\AppData\Local\Programs\MiKTeX\tex/generic/pgf/basicla
yer\pgfcorepathprocessing.code.tex
File: pgfcorepathprocessing.code.tex 2025-08-29 v3.1.11a (3.1.11a)
)
(C:\Users\CRISTIAN CHAVEZ\AppData\Local\Programs\MiKTeX\tex/generic/pgf/basicla
yer\pgfcorearrows.code.tex
File: pgfcorearrows.code.tex 2025-08-29 v3.1.11a (3.1.11a)
\pgfarrowsep=\dimen341
)
(C:\Users\CRISTIAN CHAVEZ\AppData\Local\Programs\MiKTeX\tex/generic/pgf/basicla
yer\pgfcoreshade.code.tex
File: pgfcoreshade.code.tex 2025-08-29 v3.1.11a (3.1.11a)
\pgf@max=\dimen342
\pgf@sys@shading@range@num=\count394
\pgf@shadingcount=\count395
)
(C:\Users\CRISTIAN CHAVEZ\AppData\Local\Programs\MiKTeX\tex/generic/pgf/basicla
yer\pgfcoreimage.code.tex
File: pgfcoreimage.code.tex 2025-08-29 v3.1.11a (3.1.11a)
)
(C:\Users\CRISTIAN CHAVEZ\AppData\Local\Programs\MiKTeX\tex/generic/pgf/basicla
yer\pgfcoreexternal.code.tex
File: pgfcoreexternal.code.tex 2025-08-29 v3.1.11a (3.1.11a)
\pgfexternal@startupbox=\box73
)
(C:\Users\CRISTIAN CHAVEZ\AppData\Local\Programs\MiKTeX\tex/generic/pgf/basicla
yer\pgfcorelayers.code.tex
File: pgfcorelayers.code.tex 2025-08-29 v3.1.11a (3.1.11a)
)
(C:\Users\CRISTIAN CHAVEZ\AppData\Local\Programs\MiKTeX\tex/generic/pgf/basicla
yer\pgfcoretransparency.code.tex
File: pgfcoretransparency.code.tex 2025-08-29 v3.1.11a (3.1.11a)
)
(C:\Users\CRISTIAN CHAVEZ\AppData\Local\Programs\MiKTeX\tex/generic/pgf/basicla
yer\pgfcorepatterns.code.tex
File: pgfcorepatterns.code.tex 2025-08-29 v3.1.11a (3.1.11a)
)
(C:\Users\CRISTIAN CHAVEZ\AppData\Local\Programs\MiKTeX\tex/generic/pgf/basicla
yer\pgfcorerdf.code.tex
File: pgfcorerdf.code.tex 2025-08-29 v3.1.11a (3.1.11a)
)))
(C:\Users\CRISTIAN CHAVEZ\AppData\Local\Programs\MiKTeX\tex/generic/pgf/modules
\pgfmoduleshapes.code.tex
File: pgfmoduleshapes.code.tex 2025-08-29 v3.1.11a (3.1.11a)
\pgfnodeparttextbox=\box74
)
(C:\Users\CRISTIAN CHAVEZ\AppData\Local\Programs\MiKTeX\tex/generic/pgf/modules
\pgfmoduleplot.code.tex
File: pgfmoduleplot.code.tex 2025-08-29 v3.1.11a (3.1.11a)
)
(C:\Users\CRISTIAN CHAVEZ\AppData\Local\Programs\MiKTeX\tex/latex/pgf/compatibi
lity\pgfcomp-version-0-65.sty
Package: pgfcomp-version-0-65 2025-08-29 v3.1.11a (3.1.11a)
\pgf@nodesepstart=\dimen343
\pgf@nodesepend=\dimen344
)
(C:\Users\CRISTIAN CHAVEZ\AppData\Local\Programs\MiKTeX\tex/latex/pgf/compatibi
lity\pgfcomp-version-1-18.sty
Package: pgfcomp-version-1-18 2025-08-29 v3.1.11a (3.1.11a)
))
(C:\Users\CRISTIAN CHAVEZ\AppData\Local\Programs\MiKTeX\tex/latex/pgf/utilities
\pgffor.sty
(C:\Users\CRISTIAN CHAVEZ\AppData\Local\Programs\MiKTeX\tex/latex/pgf/utilities
\pgfkeys.sty
(C:\Users\CRISTIAN CHAVEZ\AppData\Local\Programs\MiKTeX\tex/generic/pgf/utiliti
es\pgfkeys.code.tex))
(C:\Users\CRISTIAN CHAVEZ\AppData\Local\Programs\MiKTeX\tex/latex/pgf/math\pgfm
ath.sty
(C:\Users\CRISTIAN CHAVEZ\AppData\Local\Programs\MiKTeX\tex/generic/pgf/math\pg
fmath.code.tex))
(C:\Users\CRISTIAN CHAVEZ\AppData\Local\Programs\MiKTeX\tex/generic/pgf/utiliti
es\pgffor.code.tex
Package: pgffor 2025-08-29 v3.1.11a (3.1.11a)
\pgffor@iter=\dimen345
\pgffor@skip=\dimen346
\pgffor@stack=\toks51
\pgffor@toks=\toks52
))
(C:\Users\CRISTIAN CHAVEZ\AppData\Local\Programs\MiKTeX\tex/generic/pgf/fronten
dlayer/tikz\tikz.code.tex
Package: tikz 2025-08-29 v3.1.11a (3.1.11a)

(C:\Users\CRISTIAN CHAVEZ\AppData\Local\Programs\MiKTeX\tex/generic/pgf/librari
es\pgflibraryplothandlers.code.tex
File: pgflibraryplothandlers.code.tex 2025-08-29 v3.1.11a (3.1.11a)
\pgf@plot@mark@count=\count396
\pgfplotmarksize=\dimen347
)
\tikz@lastx=\dimen348
\tikz@lasty=\dimen349
\tikz@lastxsaved=\dimen350
\tikz@lastysaved=\dimen351
\tikz@lastmovetox=\dimen352
\tikz@lastmovetoy=\dimen353
\tikzleveldistance=\dimen354
\tikzsiblingdistance=\dimen355
\tikz@figbox=\box75
\tikz@figbox@bg=\box76
\tikz@tempbox=\box77
\tikz@tempbox@bg=\box78
\tikztreelevel=\count397
\tikznumberofchildren=\count398
\tikznumberofcurrentchild=\count399
\tikz@fig@count=\count400

(C:\Users\CRISTIAN CHAVEZ\AppData\Local\Programs\MiKTeX\tex/generic/pgf/modules
\pgfmodulematrix.code.tex
File: pgfmodulematrix.code.tex 2025-08-29 v3.1.11a (3.1.11a)
\pgfmatrixcurrentrow=\count401
\pgfmatrixcurrentcolumn=\count402
\pgf@matrix@numberofcolumns=\count403
)
\tikz@expandcount=\count404

(C:\Users\CRISTIAN CHAVEZ\AppData\Local\Programs\MiKTeX\tex/generic/pgf/fronten
dlayer/tikz/libraries\tikzlibrarytopaths.code.tex
File: tikzlibrarytopaths.code.tex 2025-08-29 v3.1.11a (3.1.11a)
)))
(C:\Users\CRISTIAN CHAVEZ\AppData\Local\Programs\MiKTeX\tex/latex/biblatex\bibl
atex.sty
Package: biblatex 2025/07/10 v3.21 programmable bibliographies (PK/MW)

(C:\Users\CRISTIAN CHAVEZ\AppData\Local\Programs\MiKTeX\tex/generic/pdftexcmds\
pdftexcmds.sty
Package: pdftexcmds 2020-06-27 v0.33 Utility functions of pdfTeX for LuaTeX (HO
)
Package pdftexcmds Info: \pdf@primitive is available.
Package pdftexcmds Info: \pdf@ifprimitive is available.
Package pdftexcmds Info: \pdfdraftmode found.
)
(C:\Users\CRISTIAN CHAVEZ\AppData\Local\Programs\MiKTeX\tex/latex/logreq\logreq
.sty
Package: logreq 2010/08/04 v1.0 xml request logger
\lrq@indent=\count405

(C:\Users\CRISTIAN CHAVEZ\AppData\Local\Programs\MiKTeX\tex/latex/logreq\logreq
.def
File: logreq.def 2010/08/04 v1.0 logreq spec v1.0
))
(C:\Users\CRISTIAN CHAVEZ\AppData\Local\Programs\MiKTeX\tex/latex/base\ifthen.s
ty
Package: ifthen 2024/03/16 v1.1e Standard LaTeX ifthen package (DPC)
)
(C:\Users\CRISTIAN CHAVEZ\AppData\Local\Programs\MiKTeX\tex/latex/url\url.sty
\Urlmuskip=\muskip18
Package: url 2013/09/16  ver 3.4  Verb mode for urls, etc.
)
\c@tabx@nest=\count406
\c@listtotal=\count407
\c@listcount=\count408
\c@liststart=\count409
\c@liststop=\count410
\c@citecount=\count411
\c@citetotal=\count412
\c@multicitecount=\count413
\c@multicitetotal=\count414
\c@instcount=\count415
\c@maxnames=\count416
\c@minnames=\count417
\c@maxitems=\count418
\c@minitems=\count419
\c@citecounter=\count420
\c@maxcitecounter=\count421
\c@savedcitecounter=\count422
\c@uniquelist=\count423
\c@uniquename=\count424
\c@refsection=\count425
\c@refsegment=\count426
\c@maxextratitle=\count427
\c@maxextratitleyear=\count428
\c@maxextraname=\count429
\c@maxextradate=\count430
\c@maxextraalpha=\count431
\c@abbrvpenalty=\count432
\c@highnamepenalty=\count433
\c@lownamepenalty=\count434
\c@maxparens=\count435
\c@parenlevel=\count436
\blx@tempcnta=\count437
\blx@tempcntb=\count438
\blx@tempcntc=\count439
\c@blx@maxsection=\count440
\blx@maxsegment@0=\count441
\blx@notetype=\count442
\blx@parenlevel@text=\count443
\blx@parenlevel@foot=\count444
\blx@sectionciteorder@0=\count445
\blx@sectionciteorderinternal@0=\count446
\blx@entrysetcounter=\count447
\blx@biblioinstance=\count448
\labelnumberwidth=\skip280
\labelalphawidth=\skip281
\biblabelsep=\skip282
\bibnamesep=\skip283
\bibinitsep=\skip284
\bibparsep=\skip285
\bibhang=\skip286
\blx@bcfin=\read5
\blx@bcfout=\write5
\blx@langwohyphens=\language80
\c@mincomprange=\count449
\c@maxcomprange=\count450
\c@mincompwidth=\count451
Package biblatex Info: Trying to load biblatex default data model...
Package biblatex Info: ... file 'blx-dm.def' found.

(C:\Users\CRISTIAN CHAVEZ\AppData\Local\Programs\MiKTeX\tex/latex/biblatex\blx-
dm.def
File: blx-dm.def 2025/07/10 v3.21 biblatex datamodel (PK/MW)
)
Package biblatex Info: Trying to load biblatex style data model...
Package biblatex Info: ... file 'apa.dbx' found.

(C:\Users\CRISTIAN CHAVEZ\AppData\Local\Programs\MiKTeX\tex/latex/biblatex-apa\
apa.dbx
File: apa.dbx 2025/08/27 v9.20 APA biblatex style data model
)
Package biblatex Info: Trying to load biblatex custom data model...
Package biblatex Info: ... file 'biblatex-dm.cfg' not found.
\c@afterword=\count452
\c@savedafterword=\count453
\c@annotator=\count454
\c@savedannotator=\count455
\c@author=\count456
\c@savedauthor=\count457
\c@bookauthor=\count458
\c@savedbookauthor=\count459
\c@commentator=\count460
\c@savedcommentator=\count461
\c@editor=\count462
\c@savededitor=\count463
\c@editora=\count464
\c@savededitora=\count465
\c@editorb=\count466
\c@savededitorb=\count467
\c@editorc=\count468
\c@savededitorc=\count469
\c@foreword=\count470
\c@savedforeword=\count471
\c@holder=\count472
\c@savedholder=\count473
\c@introduction=\count474
\c@savedintroduction=\count475
\c@namea=\count476
\c@savednamea=\count477
\c@nameb=\count478
\c@savednameb=\count479
\c@namec=\count480
\c@savednamec=\count481
\c@translator=\count482
\c@savedtranslator=\count483
\c@shortauthor=\count484
\c@savedshortauthor=\count485
\c@shorteditor=\count486
\c@savedshorteditor=\count487
\c@narrator=\count488
\c@savednarrator=\count489
\c@execproducer=\count490
\c@savedexecproducer=\count491
\c@execdirector=\count492
\c@savedexecdirector=\count493
\c@with=\count494
\c@savedwith=\count495
\c@labelname=\count496
\c@savedlabelname=\count497
\c@institution=\count498
\c@savedinstitution=\count499
\c@lista=\count500
\c@savedlista=\count501
\c@listb=\count502
\c@savedlistb=\count503
\c@listc=\count504
\c@savedlistc=\count505
\c@listd=\count506
\c@savedlistd=\count507
\c@liste=\count508
\c@savedliste=\count509
\c@listf=\count510
\c@savedlistf=\count511
\c@location=\count512
\c@savedlocation=\count513
\c@organization=\count514
\c@savedorganization=\count515
\c@origlocation=\count516
\c@savedoriglocation=\count517
\c@origpublisher=\count518
\c@savedorigpublisher=\count519
\c@publisher=\count520
\c@savedpublisher=\count521
\c@language=\count522
\c@savedlanguage=\count523
\c@origlanguage=\count524
\c@savedoriglanguage=\count525
\c@citation=\count526
\c@savedcitation=\count527
\c@pageref=\count528
\c@savedpageref=\count529
\shorthandwidth=\skip287
\shortjournalwidth=\skip288
\shortserieswidth=\skip289
\shorttitlewidth=\skip290
\shortauthorwidth=\skip291
\shorteditorwidth=\skip292
\locallabelnumberwidth=\skip293
\locallabelalphawidth=\skip294
\localshorthandwidth=\skip295
\localshortjournalwidth=\skip296
\localshortserieswidth=\skip297
\localshorttitlewidth=\skip298
\localshortauthorwidth=\skip299
\localshorteditorwidth=\skip300
Package biblatex Info: Trying to load compatibility code...
Package biblatex Info: ... file 'blx-compat.def' found.

(C:\Users\CRISTIAN CHAVEZ\AppData\Local\Programs\MiKTeX\tex/latex/biblatex\blx-
compat.def
File: blx-compat.def 2025/07/10 v3.21 biblatex compatibility (PK/MW)
)
Package biblatex Info: Trying to load generic definitions...
Package biblatex Info: ... file 'biblatex.def' found.

(C:\Users\CRISTIAN CHAVEZ\AppData\Local\Programs\MiKTeX\tex/latex/biblatex\bibl
atex.def
File: biblatex.def 2025/07/10 v3.21 biblatex compatibility (PK/MW)
\c@textcitecount=\count530
\c@textcitetotal=\count531
\c@textcitemaxnames=\count532
\c@biburlbigbreakpenalty=\count533
\c@biburlbreakpenalty=\count534
\c@biburlnumpenalty=\count535
\c@biburlucpenalty=\count536
\c@biburllcpenalty=\count537
\biburlbigskip=\muskip19
\biburlnumskip=\muskip20
\biburlucskip=\muskip21
\biburllcskip=\muskip22
\c@smartand=\count538
)
Package biblatex Info: Trying to load bibliography style 'apa'...
Package biblatex Info: ... file 'apa.bbx' found.

(C:\Users\CRISTIAN CHAVEZ\AppData\Local\Programs\MiKTeX\tex/latex/biblatex-apa\
apa.bbx
File: apa.bbx 2025/08/27 v9.20 APA biblatex references style
Package biblatex Info: Trying to load bibliography style 'standard'...
Package biblatex Info: ... file 'standard.bbx' found.

(C:\Users\CRISTIAN CHAVEZ\AppData\Local\Programs\MiKTeX\tex/latex/biblatex/bbx\
standard.bbx
File: standard.bbx 2025/07/10 v3.21 biblatex bibliography style (PK/MW)
\c@bbx:relatedcount=\count539
\c@bbx:relatedtotal=\count540
)
Package biblatex Info: Delimiter 'nameyeardelim' in context 'bib' already defin
ed, overwriting.
Package biblatex Info: Delimiter 'nameyeardelim' in context 'biblist' already d
efined, overwriting.
Package biblatex Info: Delimiter 'nonameyeardelim' in context 'bib' already def
ined, overwriting.
Package biblatex Info: Delimiter 'nonameyeardelim' in context 'biblist' already
 defined, overwriting.
)
Package biblatex Info: Trying to load citation style 'apa'...
Package biblatex Info: ... file 'apa.cbx' found.

(C:\Users\CRISTIAN CHAVEZ\AppData\Local\Programs\MiKTeX\tex/latex/biblatex-apa\
apa.cbx
File: apa.cbx 2025/08/27 v9.20 APA biblatex citation style
Package biblatex Info: Delimiter 'nameyeardelim' in context '' already defined,
 overwriting.
Package biblatex Info: Delimiter 'andothersdelim' in context '' already defined
, overwriting.
Package biblatex Info: Redefining '\fullcite'.
Package biblatex Info: Redefining '\citeauthor'.
Package biblatex Info: Redefining '\citeyear'.
Package biblatex Info: Redefining '\cite'.
Package biblatex Info: Redefining '\cites'.
Package biblatex Info: Redefining '\parencite'.
Package biblatex Info: Redefining '\parencites'.
Package biblatex Info: Redefining '\footcite'.
Package biblatex Info: Redefining '\footcites'.
Package biblatex Info: Redefining '\footcitetext'.
Package biblatex Info: Redefining '\footcitetexts'.
Package biblatex Info: Redefining '\smartcite'.
Package biblatex Info: Redefining '\smartcites'.
Package biblatex Info: Redefining '\textcite'.
Package biblatex Info: Redefining '\textcites'.
)
Package biblatex Info: Trying to load configuration file...
Package biblatex Info: ... file 'biblatex.cfg' found.

(C:\Users\CRISTIAN CHAVEZ\AppData\Local\Programs\MiKTeX\tex/latex/biblatex\bibl
atex.cfg
File: biblatex.cfg 
)
Package biblatex Info: Input encoding 'utf8' detected.
Package biblatex Info: Document encoding is UTF8 ....
Package biblatex Info: ... and expl3
(biblatex)             2026-06-18 L3 programming layer (loader) 
(biblatex)             is new enough (at least 2020/04/06),
(biblatex)             setting 'casechanger=expl3'.

(C:\Users\CRISTIAN CHAVEZ\AppData\Local\Programs\MiKTeX\tex/latex/biblatex\blx-
case-expl3.sty
Package: blx-case-expl3 2025/07/10 v3.21 expl3 case changing code for biblatex
))
(C:\Users\CRISTIAN CHAVEZ\AppData\Local\Programs\MiKTeX\tex/latex/graphics\dvip
snam.def
File: dvipsnam.def 2026-05-17 v3.0m Driver-dependent file (DPC,SPQR)
)
(C:\Users\CRISTIAN CHAVEZ\AppData\Local\Programs\MiKTeX\tex/latex/xcolor\svgnam
.def
File: svgnam.def 2024/09/29 v3.02 Predefined colors according to SVG 1.1 (UK)
)
(C:\Users\CRISTIAN CHAVEZ\AppData\Local\Programs\MiKTeX\tex/latex/todonotes\tod
onotes.sty
Package: todonotes 2024/01/05 v1.1.7 Todonotes source and documentation.
Package: todonotes 2024/01/05

(C:\Users\CRISTIAN CHAVEZ\AppData\Local\Programs\MiKTeX\tex/latex/xkeyval\xkeyv
al.sty
Package: xkeyval 2022/06/16 v2.9 package option processing (HA)

(C:\Users\CRISTIAN CHAVEZ\AppData\Local\Programs\MiKTeX\tex/generic/xkeyval\xke
yval.tex
(C:\Users\CRISTIAN CHAVEZ\AppData\Local\Programs\MiKTeX\tex/generic/xkeyval\xkv
utils.tex
\XKV@toks=\toks53
\XKV@tempa@toks=\toks54
)
\XKV@depth=\count541
File: xkeyval.tex 2014/12/03 v2.7a key=value parser (HA)
))
(C:\Users\CRISTIAN CHAVEZ\AppData\Local\Programs\MiKTeX\tex/generic/pgf/fronten
dlayer/tikz/libraries\tikzlibrarypositioning.code.tex
File: tikzlibrarypositioning.code.tex 2025-08-29 v3.1.11a (3.1.11a)
)
\c@@todonotes@numberoftodonotes=\count542
)
(C:\Users\CRISTIAN CHAVEZ\AppData\Local\Programs\MiKTeX\tex/latex/pgfgantt\pgfg
antt.sty
Package: pgfgantt 2024/06/19 v5.0a Draw Gantt diagrams with TikZ

(C:\Users\CRISTIAN CHAVEZ\AppData\Local\Programs\MiKTeX\tex/generic/pgf/fronten
dlayer/tikz/libraries\tikzlibraryarrows.code.tex
File: tikzlibraryarrows.code.tex 2025-08-29 v3.1.11a (3.1.11a)

(C:\Users\CRISTIAN CHAVEZ\AppData\Local\Programs\MiKTeX\tex/generic/pgf/librari
es\pgflibraryarrows.code.tex
File: pgflibraryarrows.code.tex 2025-08-29 v3.1.11a (3.1.11a)
\arrowsize=\dimen356
))
(C:\Users\CRISTIAN CHAVEZ\AppData\Local\Programs\MiKTeX\tex/generic/pgf/fronten
dlayer/tikz/libraries\tikzlibrarybackgrounds.code.tex
File: tikzlibrarybackgrounds.code.tex 2025-08-29 v3.1.11a (3.1.11a)
\pgf@layerbox@background=\box79
\pgf@layerboxsaved@background=\box80
)
(C:\Users\CRISTIAN CHAVEZ\AppData\Local\Programs\MiKTeX\tex/generic/pgf/fronten
dlayer/tikz/libraries\tikzlibrarycalc.code.tex
File: tikzlibrarycalc.code.tex 2025-08-29 v3.1.11a (3.1.11a)
)
(C:\Users\CRISTIAN CHAVEZ\AppData\Local\Programs\MiKTeX\tex/generic/pgf/fronten
dlayer/tikz/libraries\tikzlibrarypatterns.code.tex
File: tikzlibrarypatterns.code.tex 2025-08-29 v3.1.11a (3.1.11a)

(C:\Users\CRISTIAN CHAVEZ\AppData\Local\Programs\MiKTeX\tex/generic/pgf/librari
es\pgflibrarypatterns.code.tex
File: pgflibrarypatterns.code.tex 2025-08-29 v3.1.11a (3.1.11a)
))
(C:\Users\CRISTIAN CHAVEZ\AppData\Local\Programs\MiKTeX\tex/generic/pgf/fronten
dlayer/tikz/libraries\tikzlibraryshapes.geometric.code.tex
File: tikzlibraryshapes.geometric.code.tex 2025-08-29 v3.1.11a (3.1.11a)

(C:\Users\CRISTIAN CHAVEZ\AppData\Local\Programs\MiKTeX\tex/generic/pgf/librari
es/shapes\pgflibraryshapes.geometric.code.tex
File: pgflibraryshapes.geometric.code.tex 2025-08-29 v3.1.11a (3.1.11a)
))
(C:\Users\CRISTIAN CHAVEZ\AppData\Local\Programs\MiKTeX\tex/latex/pgf/utilities
\pgfcalendar.sty
(C:\Users\CRISTIAN CHAVEZ\AppData\Local\Programs\MiKTeX\tex/generic/pgf/utiliti
es\pgfcalendar.code.tex
File: pgfcalendar.code.tex 2025-08-29 v3.1.11a (3.1.11a)
\pgfcalendarcurrentjulian=\count543
\pgf@cal@easter@Y=\count544
\pgf@cal@easter@G=\count545
\pgf@cal@easter@C=\count546
\pgf@cal@easter@X=\count547
\pgf@cal@easter@Z=\count548
\pgf@cal@easter@D=\count549
\pgf@cal@easter@E=\count550
\pgf@cal@easter@N=\count551
\pgf@cal@easter@M=\count552
\pgf@cal@easter@julianday=\count553
))
\gtt@currentline=\count554
\gtt@lasttitleline=\count555
\gtt@currgrid=\count556
\gtt@chartwidth=\count557
\gtt@lasttitleslot=\count558
\gtt@elementid=\count559
\gtt@today@slot=\count560
\gtt@startjulian=\count561
\gtt@endjulian=\count562
\gtt@chartid=\count563
\gtt@vrule@slot=\count564
\gtt@calendar@slots=\count565
\gtt@calendar@weeknumber=\count566
\gtt@calendar@startofweek=\count567
\gtt@left@slot=\count568
\gtt@right@slot=\count569
)
(C:\Users\CRISTIAN CHAVEZ\AppData\Local\Programs\MiKTeX\tex/latex/imakeidx\imak
eidx.sty
Package: imakeidx 2016/10/15 v1.3e Package for typesetting indices in a synchro
nous mode

(C:\Users\CRISTIAN CHAVEZ\AppData\Local\Programs\MiKTeX\tex/generic/iftex\ifxet
ex.sty
Package: ifxetex 2019/10/25 v0.7 ifxetex legacy package. Use iftex instead.
)
(C:\Users\CRISTIAN CHAVEZ\AppData\Local\Programs\MiKTeX\tex/generic/iftex\iflua
tex.sty
Package: ifluatex 2019/10/25 v1.5 ifluatex legacy package. Use iftex instead.
)
(C:\Users\CRISTIAN CHAVEZ\AppData\Local\Programs\MiKTeX\tex/latex/tools\multico
l.sty
Package: multicol 2025/10/21 v2.0b multicolumn formatting (FMi)
\c@tracingmulticols=\count570
\mult@box=\box81
\multicol@leftmargin=\dimen357
\c@unbalance=\count571
\c@collectmore=\count572
\doublecol@number=\count573
\multicoltolerance=\count574
\multicolpretolerance=\count575
\full@width=\dimen358
\page@free=\dimen359
\premulticols=\dimen360
\postmulticols=\dimen361
\multicolsep=\skip301
\multicolbaselineskip=\skip302
\partial@page=\box82
\last@line=\box83
\mc@boxedresult=\box84
\maxbalancingoverflow=\dimen362
\mult@rightbox=\box85
\mult@grightbox=\box86
\mult@firstbox=\box87
\mult@gfirstbox=\box88
\@tempa=\box89
\@tempa=\box90
\@tempa=\box91
\@tempa=\box92
\@tempa=\box93
\@tempa=\box94
\@tempa=\box95
\@tempa=\box96
\@tempa=\box97
\@tempa=\box98
\@tempa=\box99
\@tempa=\box100
\@tempa=\box101
\@tempa=\box102
\@tempa=\box103
\@tempa=\box104
\@tempa=\box105
\@tempa=\box106
\@tempa=\box107
\@tempa=\box108
\@tempa=\box109
\@tempa=\box110
\@tempa=\box111
\@tempa=\box112
\@tempa=\box113
\@tempa=\box114
\@tempa=\box115
\@tempa=\box116
\@tempa=\box117
\@tempa=\box118
\@tempa=\box119
\@tempa=\box120
\@tempa=\box121
\@tempa=\box122
\@tempa=\box123
\@tempa=\box124
\c@minrows=\count576
\c@columnbadness=\count577
\c@finalcolumnbadness=\count578
\last@try=\dimen363
\multicolovershoot=\dimen364
\multicolundershoot=\dimen365
\mult@nat@firstbox=\box125
\colbreak@box=\box126
\mc@col@check@num=\count579
\g__mc_curr_col_int=\count580
))
(C:\Users\CRISTIAN CHAVEZ\AppData\Local\Programs\MiKTeX\tex/latex/hyperref\hype
rref.sty
Package: hyperref 2026-06-17 v7.01r Hypertext links for LaTeX

(C:\Users\CRISTIAN CHAVEZ\AppData\Local\Programs\MiKTeX\tex/generic/kvdefinekey
s\kvdefinekeys.sty
Package: kvdefinekeys 2019-12-19 v1.6 Define keys (HO)
)
(C:\Users\CRISTIAN CHAVEZ\AppData\Local\Programs\MiKTeX\tex/generic/pdfescape\p
dfescape.sty
Package: pdfescape 2019/12/09 v1.15 Implements pdfTeX's escape features (HO)
)
(C:\Users\CRISTIAN CHAVEZ\AppData\Local\Programs\MiKTeX\tex/latex/hycolor\hycol
or.sty
Package: hycolor 2020-01-27 v1.10 Color options for hyperref/bookmark (HO)
)
(C:\Users\CRISTIAN CHAVEZ\AppData\Local\Programs\MiKTeX\tex/generic/stringenc\s
tringenc.sty
Package: stringenc 2019/11/29 v1.12 Convert strings between diff. encodings (HO
)
)
\@linkdim=\dimen366
\Hy@linkcounter=\count581
\Hy@pagecounter=\count582

(C:\Users\CRISTIAN CHAVEZ\AppData\Local\Programs\MiKTeX\tex/latex/hyperref\pd1e
nc.def
File: pd1enc.def 2026-06-17 v7.01r Hyperref: PDFDocEncoding definition (HO)
Now handling font encoding PD1 ...
... no UTF-8 mapping file for font encoding PD1
)
(C:\Users\CRISTIAN CHAVEZ\AppData\Local\Programs\MiKTeX\tex/generic/intcalc\int
calc.sty
Package: intcalc 2019/12/15 v1.3 Expandable calculations with integers (HO)
)
\Hy@SavedSpaceFactor=\count583

(C:\Users\CRISTIAN CHAVEZ\AppData\Local\Programs\MiKTeX\tex/latex/hyperref\puen
c.def
File: puenc.def 2026-06-17 v7.01r Hyperref: PDF Unicode definition (HO)
Now handling font encoding PU ...
... no UTF-8 mapping file for font encoding PU
)
Package hyperref Info: Hyper figures OFF on input line 4199.
Package hyperref Info: Link nesting OFF on input line 4204.
Package hyperref Info: Hyper index ON on input line 4207.
Package hyperref Info: Plain pages OFF on input line 4214.
Package hyperref Info: Backreferencing OFF on input line 4219.
Package hyperref Info: Implicit mode ON; LaTeX internals redefined.
Package hyperref Info: Bookmarks ON on input line 4466.
\c@Hy@tempcnt=\count584
LaTeX Info: Redefining \url on input line 4805.
\XeTeXLinkMargin=\dimen367

(C:\Users\CRISTIAN CHAVEZ\AppData\Local\Programs\MiKTeX\tex/generic/bitset\bits
et.sty
Package: bitset 2019/12/09 v1.3 Handle bit-vector datatype (HO)

(C:\Users\CRISTIAN CHAVEZ\AppData\Local\Programs\MiKTeX\tex/generic/bigintcalc\
bigintcalc.sty
Package: bigintcalc 2019/12/15 v1.5 Expandable calculations on big integers (HO
)
))
\Fld@menulength=\count585
\Field@Width=\dimen368
\Fld@charsize=\dimen369
Package hyperref Info: Hyper figures OFF on input line 6091.
Package hyperref Info: Link nesting OFF on input line 6096.
Package hyperref Info: Hyper index ON on input line 6099.
Package hyperref Info: backreferencing OFF on input line 6106.
Package hyperref Info: Link coloring OFF on input line 6111.
Package hyperref Info: Link coloring with OCG OFF on input line 6116.
Package hyperref Info: PDF/A mode OFF on input line 6121.
\Hy@abspage=\count586
\c@Item=\count587
\c@Hfootnote=\count588
)
Package hyperref Info: Driver (autodetected): hpdftex.

(C:\Users\CRISTIAN CHAVEZ\AppData\Local\Programs\MiKTeX\tex/latex/hyperref\hpdf
tex.def
File: hpdftex.def 2026-06-17 v7.01r Hyperref driver for pdfTeX
\Fld@listcount=\count589
\c@bookmark@seq@number=\count590

(C:\Users\CRISTIAN CHAVEZ\AppData\Local\Programs\MiKTeX\tex/latex/rerunfilechec
k\rerunfilecheck.sty
Package: rerunfilecheck 2025-06-21 v1.11 Rerun checks for auxiliary files (HO)

(C:\Users\CRISTIAN CHAVEZ\AppData\Local\Programs\MiKTeX\tex/generic/uniquecount
er\uniquecounter.sty
Package: uniquecounter 2019/12/15 v1.4 Provide unlimited unique counter (HO)
)
Package uniquecounter Info: New unique counter `rerunfilecheck' on input line 2
84.
)
\Hy@SectionHShift=\skip303
)
(C:\Users\CRISTIAN CHAVEZ\AppData\Local\Programs\MiKTeX\tex/latex/memoir\memhfi
xc.sty
Package: memhfixc 2025/09/16 v1.24 hyperref package fixes for memoir class
\c@memhycontfloat=\count591
\c@mem@Hpagenote=\count592
)
Package hyperref Info: Option `colorlinks' set `true' on input line 97.
\main@idxfile=\write6
\openout6 = `main.idx'.


Writing index file main.idx

Class memoir Warning: The titlesec package is not recommended with memoir.
(memoir)              With it we loose some of the features provides by the
(memoir)              class. We provide our own interface to adjust how 
(memoir)              sections and chapters should look like.
(memoir)              See the manual sections 6.4 through 6.6 for details.  on 
input line 106.


(C:\Users\CRISTIAN CHAVEZ\AppData\Local\Programs\MiKTeX\tex/latex/titlesec\titl
esec.sty
Package: titlesec 2025/01/04 v2.17 Sectioning titles
\ttl@box=\box127
\beforetitleunit=\skip304
\aftertitleunit=\skip305
\ttl@plus=\dimen370
\ttl@minus=\dimen371
\ttl@toksa=\toks55
\titlewidth=\dimen372
\titlewidthlast=\dimen373
\titlewidthfirst=\dimen374
)
(C:\Users\CRISTIAN CHAVEZ\AppData\Local\Programs\MiKTeX\tex/latex/acronym\acron
ym.sty
Package: acronym 2025/01/17 v1.50 Support for acronyms (Tobias Oetiker)

(C:\Users\CRISTIAN CHAVEZ\AppData\Local\Programs\MiKTeX\tex/latex/bigfoot\suffi
x.sty
Package: suffix 2006/07/15 1.5a Variant command support
)
(C:\Users\CRISTIAN CHAVEZ\AppData\Local\Programs\MiKTeX\tex/latex/xstring\xstri
ng.sty
(C:\Users\CRISTIAN CHAVEZ\AppData\Local\Programs\MiKTeX\tex/generic/xstring\xst
ring.tex
\xs_counta=\count593
\xs_countb=\count594
)
Package: xstring 2023/08/22 v1.86 String manipulations (CT)
)
\AC@clearlist=\toks56
)

******************************************************
Stock height and width: 845.04684pt by 597.50787pt
Top and edge trims: 0pt and 0pt
Page height and width: 845.04684pt by 597.50787pt
Text height and width: 708pt by 426pt
Spine and edge margins: 99.58464pt and 71.13188pt
Upper and lower margins: 71.13188pt and 65.91496pt
Headheight and headsep: 14.5pt and 19.8738pt
Footskip: 30pt
Columnsep and columnseprule: 10pt and 0pt
Marginparsep and marginparwidth: 7pt and 57.13188pt
Sidecapsep and sidecapwidth: 7pt and 42pt
Sidebarhsep and sidebarwidth: 7pt and 42pt
Sidebarvsep and sidebartopsep: 14.5pt and 0pt
Sidebarheight: 590.14995pt
Sidefoothsep and sidefootwidth: 7pt and 42pt
Sidefootvsep and sidefootheight: 14.5pt and 590.14995pt
******************************************************


(C:\Users\CRISTIAN CHAVEZ\AppData\Local\Programs\MiKTeX\tex/latex/transparent\t
ransparent.sty
Package: transparent 2025-06-23 v1.6 Transparency with color stacks

(C:\Users\CRISTIAN CHAVEZ\AppData\Local\Programs\MiKTeX\tex/latex/transparent\t
ransparent-nometadata.sty
Package: transparent-nometadata 2025-06-23 v1.6 Transparency via pdfTeX's color
 stack (HO)

(C:\Users\CRISTIAN CHAVEZ\AppData\Local\Programs\MiKTeX\tex/latex/auxhook\auxho
ok.sty
Package: auxhook 2019-12-17 v1.6 Hooks for auxiliary files (HO)
))))
Package csquotes Info: Checking for multilingual support...
Package csquotes Info: ... found 'babel' package.
Package csquotes Info: Adjusting default style.
Package csquotes Info: Redefining alias 'default' -> 'spanish'.
LaTeX Font Info:    Trying to load font information for T1+lmr on input line 5.


(C:\Users\CRISTIAN CHAVEZ\AppData\Local\Programs\MiKTeX\tex/latex/lm\t1lmr.fd
File: t1lmr.fd 2015/05/01 v1.6.1 Font defs for Latin Modern
)
(main.aux
LaTeX Info: Redefining \. on input line 16.
LaTeX Info: Redefining \% on input line 16.
Package babel Info: 'spanish' activates 'spanish' shorthands.
(babel)             Reported on input line 16.
 (Capítulos/Agradecimientos.aux) (Capítulos/Resumen.aux)
(Acrónimos.aux) (Capítulos/Introducción.aux) (Capítulos/CMEs.aux)
(Capítulos/Interacción de CME - CME.aux) (Capítulos/Problema.aux)
(Capítulos/Análisis.aux) (Capítulos/Discusión.aux)
(Capítulos/Conclusiones.aux) (Capítulos/Apéndices.aux))
\openout1 = `main.aux'.

LaTeX Font Info:    Checking defaults for OML/cmm/m/it on input line 5.
LaTeX Font Info:    ... okay on input line 5.
LaTeX Font Info:    Checking defaults for OMS/cmsy/m/n on input line 5.
LaTeX Font Info:    ... okay on input line 5.
LaTeX Font Info:    Checking defaults for OT1/cmr/m/n on input line 5.
LaTeX Font Info:    ... okay on input line 5.
LaTeX Font Info:    Checking defaults for T1/cmr/m/n on input line 5.
LaTeX Font Info:    ... okay on input line 5.
LaTeX Font Info:    Checking defaults for TS1/cmr/m/n on input line 5.
LaTeX Font Info:    ... okay on input line 5.
LaTeX Font Info:    Checking defaults for OMX/cmex/m/n on input line 5.
LaTeX Font Info:    ... okay on input line 5.
LaTeX Font Info:    Checking defaults for U/cmr/m/n on input line 5.
LaTeX Font Info:    ... okay on input line 5.
LaTeX Font Info:    Checking defaults for PD1/pdf/m/n on input line 5.
LaTeX Font Info:    ... okay on input line 5.
LaTeX Font Info:    Checking defaults for PU/pdf/m/n on input line 5.
LaTeX Font Info:    ... okay on input line 5.
LaTeX Info: Redefining \. on input line 5.
LaTeX Info: Redefining \% on input line 5.

(C:\Users\CRISTIAN CHAVEZ\AppData\Local\Programs\MiKTeX\tex/context/base/mkii\s
upp-pdf.mkii
[Loading MPS to PDF converter (version 2006.09.02).]
\scratchcounter=\count595
\scratchdimen=\dimen375
\scratchbox=\box128
\nofMPsegments=\count596
\nofMParguments=\count597
\everyMPshowfont=\toks57
\MPscratchCnt=\count598
\MPscratchDim=\dimen376
\MPnumerator=\count599
\makeMPintoPDFobject=\count600
\everyMPtoPDFconversion=\toks58
)
(C:\Users\CRISTIAN CHAVEZ\AppData\Local\Programs\MiKTeX\tex/latex/epstopdf-pkg\
epstopdf-base.sty
Package: epstopdf-base 2020-01-24 v2.11 Base part for package epstopdf
Package epstopdf-base Info: Redefining graphics rule for `.eps' on input line 4
85.

(C:\Users\CRISTIAN CHAVEZ\AppData\Local\Programs\MiKTeX\tex/latex/00miktex\epst
opdf-sys.cfg
File: epstopdf-sys.cfg 2021/03/18 v2.0 Configuration of epstopdf for MiKTeX
))
\c@lstlisting=\count601
LaTeX Info: Redefining \microtypecontext on input line 5.
Package microtype Info: Applying patch `item' on input line 5.
Package microtype Info: Applying patch `toc' on input line 5.
Package microtype Info: Applying patch `eqnum' on input line 5.
Package microtype Info: Applying patch `footnote' on input line 5.
Package microtype Info: Applying patch `verbatim' on input line 5.
LaTeX Info: Redefining \microtypesetup on input line 5.
Package microtype Info: Generating PDF output.
Package microtype Info: Character protrusion enabled (level 2).
Package microtype Info: Using default protrusion set `alltext'.
Package microtype Info: No font expansion.
Package microtype Info: No adjustment of tracking.
Package microtype Info: No adjustment of interword spacing.
Package microtype Info: No adjustment of character kerning.

(C:\Users\CRISTIAN CHAVEZ\AppData\Local\Programs\MiKTeX\tex/latex/microtype\mt-
cmr.cfg
File: mt-cmr.cfg 2013/05/19 v2.2 microtype config. file: Computer Modern Roman 
(RS)
)

Package chemgreek Info: Activating mapping `default' on line 5.

LaTeX Info: Redefining \celsius on input line 5.
Package gensymb Info: Faking symbols for \degree and \celsius on input line 5.


Package gensymb Warning: Not defining \perthousand.

LaTeX Info: Redefining \ohm on input line 5.
Package gensymb Info: Using \Omega for \ohm on input line 5.

Package gensymb Warning: Not defining \micro.

Package caption Info: Begin \AtBeginDocument code.
Package caption Info: hyperref package is loaded.
Package caption Info: End \AtBeginDocument code.
*geometry* driver: auto-detecting
*geometry* detected driver: pdftex
*geometry* verbose mode - [ preamble ] result:
* driver: pdftex
* paper: a4paper
* layout: <same size as paper>
* layoutoffset:(h,v)=(0.0pt,0.0pt)
* modes: 
* h-part:(L,W,R)=(71.13188pt, 455.24411pt, 71.13188pt)
* v-part:(T,H,B)=(71.13188pt, 702.78308pt, 71.13188pt)
* \paperwidth=597.50787pt
* \paperheight=845.04684pt
* \textwidth=426.0pt
* \textheight=708.0pt
* \oddsidemargin=27.0pt
* \evensidemargin=-1.0pt
* \topmargin=-35.5119pt
* \headheight=14.5pt
* \headsep=19.8738pt
* \topskip=12.0pt
* \footskip=30.0pt
* \marginparwidth=57.13188pt
* \marginparsep=7.0pt
* \columnsep=10.0pt
* \skip\footins=12.0pt plus 4.0pt minus 4.0pt
* \hoffset=0.0pt
* \voffset=0.0pt
* \mag=1000
* \@twocolumnfalse
* \@twosidefalse
* \@mparswitchfalse
* \@reversemarginfalse
* (1in=72.27pt=25.4mm, 1cm=28.453pt)

Package biblatex Info: Trying to load language 'spanish' -> 'spanish-apa'...
Package biblatex Info: ... file 'spanish-apa.lbx' found.

(C:\Users\CRISTIAN CHAVEZ\AppData\Local\Programs\MiKTeX\tex/latex/biblatex-apa\
spanish-apa.lbx
File: spanish-apa.lbx 2025/08/27 v9.20 APA biblatex localisation
Package biblatex Info: Trying to load language 'spanish'...
Package biblatex Info: ... file 'spanish.lbx' found.

(C:\Users\CRISTIAN CHAVEZ\AppData\Local\Programs\MiKTeX\tex/latex/biblatex/lbx\
spanish.lbx
File: spanish.lbx 2025/07/10 v3.21 biblatex localization (PK/MW)
)
Package biblatex Info: Trying to load language 'spanish'...
Package biblatex Info: ... file 'spanish.lbx' found.

(C:\Users\CRISTIAN CHAVEZ\AppData\Local\Programs\MiKTeX\tex/latex/biblatex/lbx\
spanish.lbx
File: spanish.lbx 2025/07/10 v3.21 biblatex localization (PK/MW)
))
Package biblatex Info: Input encoding 'utf8' detected.
Package biblatex Info: Automatic encoding selection.
(biblatex)             Assuming data encoding 'utf8'.
\openout5 = `main.bcf'.

Package biblatex Info: Trying to load bibliographic data...
Package biblatex Info: ... file 'main.bbl' found.
 (main.bbl)
Package biblatex Info: Reference section=0 on input line 5.
Package biblatex Info: Reference segment=0 on input line 5.
Package hyperref Info: Link coloring ON on input line 5.
 (main.out) (main.out)
\@outlinefile=\write7
\openout7 = `main.out'.

Package babel Info: Main language set to 'spanish'.
<Imágenes/juntos.png, id=154, 2801.46625pt x 1445.4pt>
File: Imágenes/juntos.png Graphic file (type png)
<use Imágenes/juntos.png>
Package pdftex.def Info: Imágenes/juntos.png  used on input line 19.
(pdftex.def)             Requested size: 113.81102pt x 58.7104pt.
<Imágenes/escudo.png, id=156, 661.47125pt x 900.36375pt>
File: Imágenes/escudo.png Graphic file (type png)
<use Imágenes/escudo.png>
Package pdftex.def Info: Imágenes/escudo.png  used on input line 33.
(pdftex.def)             Requested size: 418.25368pt x 569.30667pt.
 [1

{C:/Users/CRISTIAN CHAVEZ/AppData/Local/MiKTeX/fonts/map/pdftex/pdftex.map}{C:/
Users/CRISTIAN CHAVEZ/AppData/Local/Programs/MiKTeX/fonts/enc/dvips/lm/lm-ec.en
c} <./Imágenes/escudo.png (PNG copy)> <./Imágenes/juntos.png>] [2]
File: Imágenes/escudo.png Graphic file (type png)
<use Imágenes/escudo.png>
Package pdftex.def Info: Imágenes/escudo.png  used on input line 71.
(pdftex.def)             Requested size: 418.25368pt x 569.30667pt.
 [3] [4] [5]
\openout2 = `Capítulos/Agradecimientos.aux'.


(Capítulos/Agradecimientos.tex) [6


] [7


]
\openout2 = `Capítulos/Resumen.aux'.

 (Capítulos/Resumen.tex
LaTeX Font Info:    Trying to load font information for OT1+lmr on input line 4
.

(C:\Users\CRISTIAN CHAVEZ\AppData\Local\Programs\MiKTeX\tex/latex/lm\ot1lmr.fd
File: ot1lmr.fd 2015/05/01 v1.6.1 Font defs for Latin Modern
)
LaTeX Font Info:    Trying to load font information for OML+lmm on input line 4
.
(C:\Users\CRISTIAN CHAVEZ\AppData\Local\Programs\MiKTeX\tex/latex/lm\omllmm.fd
File: omllmm.fd 2015/05/01 v1.6.1 Font defs for Latin Modern
)
LaTeX Font Info:    Trying to load font information for OMS+lmsy on input line 
4.

(C:\Users\CRISTIAN CHAVEZ\AppData\Local\Programs\MiKTeX\tex/latex/lm\omslmsy.fd
File: omslmsy.fd 2015/05/01 v1.6.1 Font defs for Latin Modern
)
LaTeX Font Info:    Trying to load font information for OMX+lmex on input line 
4.

(C:\Users\CRISTIAN CHAVEZ\AppData\Local\Programs\MiKTeX\tex/latex/lm\omxlmex.fd
File: omxlmex.fd 2015/05/01 v1.6.1 Font defs for Latin Modern
)
LaTeX Font Info:    External font `lmex10' loaded for size
(Font)              <12> on input line 4.
LaTeX Font Info:    External font `lmex10' loaded for size
(Font)              <8> on input line 4.
LaTeX Font Info:    External font `lmex10' loaded for size
(Font)              <6> on input line 4.
LaTeX Font Info:    Trying to load font information for U+msa on input line 4.

(C:\Users\CRISTIAN CHAVEZ\AppData\Local\Programs\MiKTeX\tex/latex/amsfonts\umsa
.fd
File: umsa.fd 2013/01/14 v3.01 AMS symbols A
)
(C:\Users\CRISTIAN CHAVEZ\AppData\Local\Programs\MiKTeX\tex/latex/microtype\mt-
msa.cfg
File: mt-msa.cfg 2006/02/04 v1.1 microtype config. file: AMS symbols (a) (RS)
)
LaTeX Font Info:    Trying to load font information for U+msb on input line 4.

(C:\Users\CRISTIAN CHAVEZ\AppData\Local\Programs\MiKTeX\tex/latex/amsfonts\umsb
.fd
File: umsb.fd 2013/01/14 v3.01 AMS symbols B
)
(C:\Users\CRISTIAN CHAVEZ\AppData\Local\Programs\MiKTeX\tex/latex/microtype\mt-
msb.cfg
File: mt-msb.cfg 2005/06/01 v1.0 microtype config. file: AMS symbols (b) (RS)
)) [8


{C:/Users/CRISTIAN CHAVEZ/AppData/Local/Programs/MiKTeX/fonts/enc/dvips/lm/lm-m
athsy.enc}{C:/Users/CRISTIAN CHAVEZ/AppData/Local/Programs/MiKTeX/fonts/enc/dvi
ps/lm/lm-rm.enc}{C:/Users/CRISTIAN CHAVEZ/AppData/Local/Programs/MiKTeX/fonts/e
nc/dvips/lm/lm-mathit.enc}] (main.toc
LaTeX Info: Redefining \sptext on input line 1.
LaTeX Info: Redefining \. on input line 1.
LaTeX Info: Redefining \% on input line 1.
 [9


]
Overfull \hbox (2.03773pt too wide) detected at line 38
 \T1/lmr/bx/n/12 108
 []

)
LaTeX Info: Redefining \. on input line 99.
LaTeX Info: Redefining \% on input line 99.
Package babel Info: 'spanish' activates 'spanish' shorthands.
(babel)             Reported on input line 99.


Class memoir Warning: The material used in the headers is too large
(15.35403pt) for the given head height (14.5pt), it is recommended to
either increase the head height or redesign the header
(in both cases you will find help in the memoir manual). on input line 99.


Overfull \vbox (0.85403pt too high) has occurred while \output is active []


[10] (main.lot
LaTeX Info: Redefining \sptext on input line 1.
LaTeX Info: Redefining \. on input line 1.
LaTeX Info: Redefining \% on input line 1.
) [11] (main.lof
LaTeX Info: Redefining \sptext on input line 1.
LaTeX Info: Redefining \. on input line 1.
LaTeX Info: Redefining \% on input line 1.
 [12])
LaTeX Info: Redefining \. on input line 103.
LaTeX Info: Redefining \% on input line 103.

Overfull \vbox (0.85403pt too high) has occurred while \output is active []


[13]
\openout2 = `Acrónimos.aux'.

 (Acrónimos.tex [14


])
LaTeX Info: Redefining \. on input line 104.
LaTeX Info: Redefining \% on input line 104.

Overfull \vbox (0.85403pt too high) has occurred while \output is active []


[15]
\openout2 = `Capítulos/Introducción.aux'.

 (Capítulos/Introducción.tex
Cap\'{\i }tulo 1.
<Densidad_temperatura_vs_radio_Modelo_solar.png, id=550, 787.5021pt x 390.258pt
>
File: Densidad_temperatura_vs_radio_Modelo_solar.png Graphic file (type png)
<use Densidad_temperatura_vs_radio_Modelo_solar.png>
Package pdftex.def Info: Densidad_temperatura_vs_radio_Modelo_solar.png  used o
n input line 28.
(pdftex.def)             Requested size: 340.8013pt x 168.88548pt.
[16




]
Package acronym Info: Label `acro:CME' newly defined as it shall be overridden
although it is yet undefined on input line 36.
Package acronym Info: Label `acro:CH' newly defined as it shall be overridden
although it is yet undefined on input line 36.
Package acronym Info: Label `acro:Sunspots' newly defined as it shall be overri
dden
although it is yet undefined on input line 36.
LaTeX Info: Redefining \. on input line 37.
LaTeX Info: Redefining \% on input line 37.
 [17 <./Densidad_temperatura_vs_radio_Modelo_solar.png>]
<imag/Capas_del_Sol.png, id=581, 478.78876pt x 354.99292pt>
File: imag/Capas_del_Sol.png Graphic file (type png)
<use imag/Capas_del_Sol.png>
Package pdftex.def Info: imag/Capas_del_Sol.png  used on input line 40.
(pdftex.def)             Requested size: 426.0pt x 315.85602pt.
LaTeX Info: Redefining \. on input line 53.
LaTeX Info: Redefining \% on input line 53.
 [18 <./imag/Capas_del_Sol.png>]
<imag/rotacióninterna.png, id=597, 1120.185pt x 977.6525pt>
File: imag/rotacióninterna.png Graphic file (type png)
<use imag/rotacióninterna.png>
Package pdftex.def Info: imag/rotacióninterna.png  used on input line 62.
(pdftex.def)             Requested size: 180.62427pt x 157.63593pt.
<imag/granulación.png, id=598, 189.3474pt x 189.8292pt>
File: imag/granulación.png Graphic file (type png)
<use imag/granulación.png>
Package pdftex.def Info: imag/granulación.png  used on input line 67.
(pdftex.def)             Requested size: 158.72943pt x 159.13391pt.
Package acronym Info: Label `acro:MDI' newly defined as it shall be overridden
although it is yet undefined on input line 70.
Package acronym Info: Label `acro:SOHO' newly defined as it shall be overridden

although it is yet undefined on input line 70.
Package acronym Info: Label `acro:SOLA' newly defined as it shall be overridden

although it is yet undefined on input line 70.
Package acronym Info: Label `acro:IMaX' newly defined as it shall be overridden

although it is yet undefined on input line 70.
Package acronym Info: Label `acro:MDI' overridden on input line 70.
Package acronym Info: Label `acro:SOHO' overridden on input line 70.
Package acronym Info: Label `acro:SOLA' overridden on input line 70.
Package acronym Info: Label `acro:IMaX' overridden on input line 70.


LaTeX Warning: `h' float specifier changed to `ht'.

LaTeX Info: Redefining \. on input line 75.
LaTeX Info: Redefining \% on input line 75.
[19]
LaTeX Font Info:    External font `lmex10' loaded for size
(Font)              <10> on input line 78.
LaTeX Font Info:    External font `lmex10' loaded for size
(Font)              <7> on input line 78.
LaTeX Font Info:    External font `lmex10' loaded for size
(Font)              <5> on input line 78.
LaTeX Info: Redefining \. on input line 79.
LaTeX Info: Redefining \% on input line 79.
 [20 <./imag/rotacióninterna.png> <./imag/granulación.png (PNG copy)>]
LaTeX Info: Redefining \. on input line 83.
LaTeX Info: Redefining \% on input line 83.

[21]
Package acronym Info: Label `acro:AR' newly defined as it shall be overridden
although it is yet undefined on input line 91.
Package acronym Info: Label `acro:SF' newly defined as it shall be overridden
although it is yet undefined on input line 91.
Package acronym Info: Label `acro:SF' overridden on input line 94.
LaTeX Info: Redefining \. on input line 95.
LaTeX Info: Redefining \% on input line 95.
 [22]
Package acronym Info: Label `acro:MHD' newly defined as it shall be overridden
although it is yet undefined on input line 105.
<imag/CampoPoloidalToroidal.png, id=708, 769.87625pt x 333.91417pt>
File: imag/CampoPoloidalToroidal.png Graphic file (type png)
<use imag/CampoPoloidalToroidal.png>
Package pdftex.def Info: imag/CampoPoloidalToroidal.png  used on input line 109
.
(pdftex.def)             Requested size: 426.0pt x 184.76918pt.


LaTeX Warning: `h' float specifier changed to `ht'.

LaTeX Info: Redefining \. on input line 115.
LaTeX Info: Redefining \% on input line 115.
[23]
LaTeX Info: Redefining \. on input line 121.
LaTeX Info: Redefining \% on input line 121.
 [24 <./imag/CampoPoloidalToroidal.png>]
Package acronym Info: Label `acro:AU' newly defined as it shall be overridden
although it is yet undefined on input line 122.


Package biblatex Warning: Package option 'sortcites' enabled.
(biblatex)                Verify postnote placement on input line 124.

<SSN_y_CMEs.png, id=777, 794.97pt x 578.16pt>
File: SSN_y_CMEs.png Graphic file (type png)
<use SSN_y_CMEs.png>
Package pdftex.def Info: SSN_y_CMEs.png  used on input line 128.
(pdftex.def)             Requested size: 383.3974pt x 278.83694pt.
Package acronym Info: Label `acro:WDC' newly defined as it shall be overridden
although it is yet undefined on input line 129.
Package acronym Info: Label `acro:SILSO' newly defined as it shall be overridde
n
although it is yet undefined on input line 129.
Package acronym Info: Label `acro:LASCO' newly defined as it shall be overridde
n
although it is yet undefined on input line 129.
Package acronym Info: Label `acro:WDC' overridden on input line 129.
Package acronym Info: Label `acro:SILSO' overridden on input line 129.
Package acronym Info: Label `acro:LASCO' overridden on input line 129.

LaTeX Warning: `h' float specifier changed to `ht'.

Package acronym Info: Label `acro:CDAW' newly defined as it shall be overridden

although it is yet undefined on input line 135.
Package acronym Info: Label `acro:NASA' newly defined as it shall be overridden

although it is yet undefined on input line 135.
LaTeX Info: Redefining \. on input line 138.
LaTeX Info: Redefining \% on input line 138.
[25
pdfTeX warning (ext4): destination with the same identifier (name{Hfootnote.4})
 has been already used, duplicate ignored
<argument> ...shipout:D \box_use:N \l_shipout_box 
                                                  \__shipout_drop_firstpage_...
l.138 
      ]
LaTeX Info: Redefining \. on input line 142.
LaTeX Info: Redefining \% on input line 142.
 [26 <./SSN_y_CMEs.png>]
<Imagenes Mein/viento solar.png, id=861, 870.25125pt x 592.2125pt>
File: Imagenes Mein/viento solar.png Graphic file (type png)
<use Imagenes Mein/viento solar.png>
Package pdftex.def Info: Imagenes Mein/viento solar.png  used on input line 145
.
(pdftex.def)             Requested size: 234.3013pt x 159.43864pt.
Package acronym Info: Label `acro:IMF' newly defined as it shall be overridden
although it is yet undefined on input line 152.
LaTeX Info: Redefining \. on input line 153.
LaTeX Info: Redefining \% on input line 153.
 [27 <./Imagenes Mein/viento solar.png>]
<imag/densidadyvelocidadUly.png, id=893, 754.31813pt x 596.98032pt>
File: imag/densidadyvelocidadUly.png Graphic file (type png)
<use imag/densidadyvelocidadUly.png>
Package pdftex.def Info: imag/densidadyvelocidadUly.png  used on input line 157
.
(pdftex.def)             Requested size: 340.8013pt x 269.71353pt.
Package acronym Info: Label `acro:SWOOPS' newly defined as it shall be overridd
en
although it is yet undefined on input line 159.
Package acronym Info: Label `acro:SWOOPS' overridden on input line 159.


LaTeX Warning: `h' float specifier changed to `ht'.

)
LaTeX Info: Redefining \. on input line 108.
LaTeX Info: Redefining \% on input line 108.
 [28]
LaTeX Info: Redefining \. on input line 108.
LaTeX Info: Redefining \% on input line 108.
 [29 <./imag/densidadyvelocidadUly.png (PNG copy)>]
\openout2 = `Capítulos/CMEs.aux'.

 (Capítulos/CMEs.tex
Cap\'{\i }tulo 2.
Package acronym Info: Label `acro:SEP' newly defined as it shall be overridden
although it is yet undefined on input line 19.
[30




]
Package acronym Info: Label `acro:DST' newly defined as it shall be overridden
although it is yet undefined on input line 29.
LaTeX Info: Redefining \. on input line 30.
LaTeX Info: Redefining \% on input line 30.
 [31]
LaTeX Info: Redefining \. on input line 36.
LaTeX Info: Redefining \% on input line 36.
 [32]
<imag/helicidad cuerda de flujo.png, id=1049, 759.83875pt x 624.3325pt>
File: imag/helicidad cuerda de flujo.png Graphic file (type png)
<use imag/helicidad cuerda de flujo.png>
Package pdftex.def Info: imag/helicidad cuerda de flujo.png  used on input line
 47.
(pdftex.def)             Requested size: 213.0pt x 175.01196pt.


LaTeX Warning: `h' float specifier changed to `ht'.

Package acronym Info: Label `acro:EFR' newly defined as it shall be overridden
although it is yet undefined on input line 52.
LaTeX Info: Redefining \. on input line 53.
LaTeX Info: Redefining \% on input line 53.
[33{C:/Users/CRISTIAN CHAVEZ/AppData/Local/Programs/MiKTeX/fonts/enc/dvips/lm/l
m-mathex.enc}]
<imag/CMEsHomolo.png, id=1081, 1168.365pt x 850.17625pt>
File: imag/CMEsHomolo.png Graphic file (type png)
<use imag/CMEsHomolo.png>
Package pdftex.def Info: imag/CMEsHomolo.png  used on input line 56.
(pdftex.def)             Requested size: 426.0pt x 309.98096pt.


LaTeX Warning: `h' float specifier changed to `ht'.

Package acronym Info: Label `acro:SW' newly defined as it shall be overridden
although it is yet undefined on input line 65.
LaTeX Info: Redefining \. on input line 66.
LaTeX Info: Redefining \% on input line 66.
[34 <./imag/helicidad cuerda de flujo.png>]
<imag/expansión.png, id=1109, 1064.97874pt x 533.995pt>
File: imag/expansión.png Graphic file (type png)
<use imag/expansión.png>
Package pdftex.def Info: imag/expansión.png  used on input line 69.
(pdftex.def)             Requested size: 349.32312pt x 175.15149pt.


LaTeX Warning: `h' float specifier changed to `ht'.

LaTeX Info: Redefining \. on input line 75.
LaTeX Info: Redefining \% on input line 75.
[35 <./imag/CMEsHomolo.png>]
<imag/Partes CME.png, id=1125, 539.01375pt x 257.29459pt>
File: imag/Partes CME.png Graphic file (type png)
<use imag/Partes CME.png>
Package pdftex.def Info: imag/Partes CME.png  used on input line 78.
(pdftex.def)             Requested size: 391.91922pt x 187.08147pt.
LaTeX Info: Redefining \. on input line 86.
LaTeX Info: Redefining \% on input line 86.
 [36 <./imag/expansión.png> <./imag/Partes CME.png>]
<imag/Perfil_aceleración_CME.png, id=1148, 494.84875pt x 206.10333pt>
File: imag/Perfil_aceleración_CME.png Graphic file (type png)
<use imag/Perfil_aceleración_CME.png>
Package pdftex.def Info: imag/Perfil_aceleración_CME.png  used on input line 9
1.
(pdftex.def)             Requested size: 362.1026pt x 150.81583pt.
Package acronym Info: Label `acro:TRACE' newly defined as it shall be overridde
n
although it is yet undefined on input line 96.
Package acronym Info: Label `acro:UVCS' newly defined as it shall be overridden

although it is yet undefined on input line 96.
LaTeX Info: Redefining \. on input line 98.
LaTeX Info: Redefining \% on input line 98.
 [37 <./imag/Perfil_aceleración_CME.png>]
<imag/ejemploperfilaceleración.png, id=1168, 666.49pt x 856.19875pt>
File: imag/ejemploperfilaceleración.png Graphic file (type png)
<use imag/ejemploperfilaceleración.png>
Package pdftex.def Info: imag/ejemploperfilaceleración.png  used on input line
 108.
(pdftex.def)             Requested size: 345.05896pt x 443.2793pt.


LaTeX Warning: `h' float specifier changed to `ht'.


LaTeX Warning: Command \textendash invalid in math mode on input line 115.

LaTeX Info: Redefining \. on input line 116.
LaTeX Info: Redefining \% on input line 116.
[38]
LaTeX Info: Redefining \. on input line 118.
LaTeX Info: Redefining \% on input line 118.
 [39 <./imag/ejemploperfilaceleración.png>]
Package acronym Info: Label `acro:ICME' newly defined as it shall be overridden

although it is yet undefined on input line 119.
Package acronym Info: Label `acro:CACTus' newly defined as it shall be overridd
en
although it is yet undefined on input line 123.
Package acronym Info: Label `acro:HELCATS' newly defined as it shall be overrid
den
although it is yet undefined on input line 123.
Package acronym Info: Label `acro:SMEI' newly defined as it shall be overridden

although it is yet undefined on input line 123.
LaTeX Info: Redefining \. on input line 124.
LaTeX Info: Redefining \% on input line 124.
 [40]
<imag/Imagen LASCO.png, id=1254, 519.9425pt x 515.9275pt>
File: imag/Imagen LASCO.png Graphic file (type png)
<use imag/Imagen LASCO.png>
Package pdftex.def Info: imag/Imagen LASCO.png  used on input line 127.
(pdftex.def)             Requested size: 234.3013pt x 232.48799pt.


LaTeX Warning: `h' float specifier changed to `ht'.

Package acronym Info: Label `acro:PSP' newly defined as it shall be overridden
although it is yet undefined on input line 132.
Package acronym Info: Label `acro:SWEAP' newly defined as it shall be overridde
n
although it is yet undefined on input line 132.
Package acronym Info: Label `acro:FIELDS' newly defined as it shall be overridd
en
although it is yet undefined on input line 132.
Package acronym Info: Label `acro:ISOIS' newly defined as it shall be overridde
n
although it is yet undefined on input line 132.
Package acronym Info: Label `acro:WISPR' newly defined as it shall be overridde
n
although it is yet undefined on input line 132.
Package acronym Info: Label `acro:CDS' newly defined as it shall be overridden
although it is yet undefined on input line 132.
Package acronym Info: Label `acro:EUV' newly defined as it shall be overridden
although it is yet undefined on input line 132.
Package acronym Info: Label `acro:EIS' newly defined as it shall be overridden
although it is yet undefined on input line 132.
Package acronym Info: Label `acro:SDO' newly defined as it shall be overridden
although it is yet undefined on input line 132.
Package acronym Info: Label `acro:EVE' newly defined as it shall be overridden
although it is yet undefined on input line 132.
Package acronym Info: Label `acro:STEREO' newly defined as it shall be overridd
en
although it is yet undefined on input line 132.
Package acronym Info: Label `acro:HI' newly defined as it shall be overridden
although it is yet undefined on input line 132.
)
LaTeX Info: Redefining \. on input line 111.
LaTeX Info: Redefining \% on input line 111.
 [41]
LaTeX Info: Redefining \. on input line 111.
LaTeX Info: Redefining \% on input line 111.
 [42 <./imag/Imagen LASCO.png>]
LaTeX Info: Redefining \. on input line 111.
LaTeX Info: Redefining \% on input line 111.
 [43]
\openout2 = `"Capítulos/Interacción de CME - CME.aux"'.


(Capítulos/Interacción de CME - CME.tex
Cap\'{\i }tulo 3.
Package acronym Info: Label `acro:MC' newly defined as it shall be overridden
although it is yet undefined on input line 21.
[44




]
<imag/Feb14_15CMEs.png, id=1346, 724.7075pt x 844.15375pt>
File: imag/Feb14_15CMEs.png Graphic file (type png)
<use imag/Feb14_15CMEs.png>
Package pdftex.def Info: imag/Feb14_15CMEs.png  used on input line 29.
(pdftex.def)             Requested size: 255.6026pt x 297.72525pt.


LaTeX Warning: `h' float specifier changed to `ht'.

LaTeX Info: Redefining \. on input line 35.
LaTeX Info: Redefining \% on input line 35.
[45]
LaTeX Info: Redefining \. on input line 37.
LaTeX Info: Redefining \% on input line 37.
 [46 <./imag/Feb14_15CMEs.png>]
<imag/1D.png, id=1376, 1427.3325pt x 852.18375pt>
File: imag/1D.png Graphic file (type png)
<use imag/1D.png>
Package pdftex.def Info: imag/1D.png  used on input line 40.
(pdftex.def)             Requested size: 340.8013pt x 203.475pt.
LaTeX Info: Redefining \. on input line 48.
LaTeX Info: Redefining \% on input line 48.
 [47 <./imag/1D.png>]
<imag/_Diagrama de flujo.png, id=1385, 1884.03876pt x 3050.39626pt>
File: imag/_Diagrama de flujo.png Graphic file (type png)
<use imag/_Diagrama de flujo.png>
Package pdftex.def Info: imag/_Diagrama de flujo.png  used on input line 55.
(pdftex.def)             Requested size: 1884.03418pt x 3050.38884pt.
LaTeX Info: Redefining \. on input line 60.
LaTeX Info: Redefining \% on input line 60.
 [48]
LaTeX Info: Redefining \. on input line 64.
LaTeX Info: Redefining \% on input line 64.
 [49 <./imag/_Diagrama de flujo.png>]
LaTeX Info: Redefining \. on input line 70.
LaTeX Info: Redefining \% on input line 70.
 [50]
LaTeX Info: Redefining \. on input line 75.
LaTeX Info: Redefining \% on input line 75.
 [51]
LaTeX Info: Redefining \. on input line 83.
LaTeX Info: Redefining \% on input line 83.
 [52])
LaTeX Info: Redefining \. on input line 113.
LaTeX Info: Redefining \% on input line 113.
 [53]
\openout2 = `Capítulos/Problema.aux'.

 (Capítulos/Problema.tex
Cap\'{\i }tulo 4.
[54




]
LaTeX Info: Redefining \. on input line 42.
LaTeX Info: Redefining \% on input line 42.
 [55]
LaTeX Font Info:    Trying to load font information for T1+lmtt on input line 5
4.

(C:\Users\CRISTIAN CHAVEZ\AppData\Local\Programs\MiKTeX\tex/latex/lm\t1lmtt.fd
File: t1lmtt.fd 2015/05/01 v1.6.1 Font defs for Latin Modern
)
Package microtype Info: Loading generic protrusion settings for font family
(microtype)             `lmtt' (encoding: T1).
(microtype)             For optimal results, create family-specific settings.
(microtype)             See the microtype manual for details.
LaTeX Info: Redefining \. on input line 73.
LaTeX Info: Redefining \% on input line 73.
[56]
<cinematica_original.pdf, id=1515, 858.60458pt x 742.36974pt>
File: cinematica_original.pdf Graphic file (type pdf)
<use cinematica_original.pdf>
Package pdftex.def Info: cinematica_original.pdf  used on input line 92.
(pdftex.def)             Requested size: 426.0pt x 368.32939pt.
LaTeX Info: Redefining \. on input line 96.
LaTeX Info: Redefining \% on input line 96.
 [57]
LaTeX Info: Redefining \. on input line 100.
LaTeX Info: Redefining \% on input line 100.
 [58 <./cinematica_original.pdf>]
LaTeX Info: Redefining \. on input line 137.
LaTeX Info: Redefining \% on input line 137.
 [59]
LaTeX Info: Redefining \. on input line 180.
LaTeX Info: Redefining \% on input line 180.
 [60]
LaTeX Info: Redefining \. on input line 221.
LaTeX Info: Redefining \% on input line 221.
 [61]
LaTeX Info: Redefining \. on input line 222.
LaTeX Info: Redefining \% on input line 222.
 [62]
<cme_evolucion_polar.pdf, id=1701, 1431.99016pt x 823.77182pt>
File: cme_evolucion_polar.pdf Graphic file (type pdf)
<use cme_evolucion_polar.pdf>
Package pdftex.def Info: cme_evolucion_polar.pdf  used on input line 225.
(pdftex.def)             Requested size: 708.0pt x 407.29695pt.


LaTeX Warning: Float too large for page by 17.54694pt on input line 228.

LaTeX Info: Redefining \. on input line 229.
LaTeX Info: Redefining \% on input line 229.
[63 <./cme_evolucion_polar.pdf>]
<imag/VectoresCME.png, id=1796, 172.97958pt x 136.84459pt>
File: imag/VectoresCME.png Graphic file (type png)
<use imag/VectoresCME.png>
Package pdftex.def Info: imag/VectoresCME.png  used on input line 235.
(pdftex.def)             Requested size: 255.6026pt x 202.21986pt.
<cinematica_original_CME2.pdf, id=1798, 858.60458pt x 742.36974pt>
File: cinematica_original_CME2.pdf Graphic file (type pdf)
<use cinematica_original_CME2.pdf>
Package pdftex.def Info: cinematica_original_CME2.pdf  used on input line 257.
(pdftex.def)             Requested size: 426.0pt x 368.32939pt.
LaTeX Info: Redefining \. on input line 260.
LaTeX Info: Redefining \% on input line 260.
 [64


 <./imag/VectoresCME.png>]
LaTeX Info: Redefining \. on input line 265.
LaTeX Info: Redefining \% on input line 265.
 [65 <./cinematica_original_CME2.pdf>]
LaTeX Info: Redefining \. on input line 266.
LaTeX Info: Redefining \% on input line 266.
 [66]
<cme_evolucion_polar_CME2.pdf, id=1904, 1431.99016pt x 823.77182pt>
File: cme_evolucion_polar_CME2.pdf Graphic file (type pdf)
<use cme_evolucion_polar_CME2.pdf>
Package pdftex.def Info: cme_evolucion_polar_CME2.pdf  used on input line 269.
(pdftex.def)             Requested size: 708.0pt x 407.29695pt.


LaTeX Warning: Float too large for page by 17.54694pt on input line 272.

LaTeX Info: Redefining \. on input line 273.
LaTeX Info: Redefining \% on input line 273.
[67 <./cme_evolucion_polar_CME2.pdf>]
LaTeX Font Info:    External font `lmex10' loaded for size
(Font)              <17.28> on input line 278.


Package hyperref Warning: Token not allowed in a PDF string (Unicode):
(hyperref)                removing `math shift' on input line 278.


Package hyperref Warning: Token not allowed in a PDF string (Unicode):
(hyperref)                removing `subscript' on input line 278.


Package hyperref Warning: Token not allowed in a PDF string (Unicode):
(hyperref)                removing `subscript' on input line 278.


Package hyperref Warning: Token not allowed in a PDF string (Unicode):
(hyperref)                removing `math shift' on input line 278.

<imag/caso1.png, id=2000, 465.74pt x 291.75667pt>
File: imag/caso1.png Graphic file (type png)
<use imag/caso1.png>
Package pdftex.def Info: imag/caso1.png  used on input line 285.
(pdftex.def)             Requested size: 426.0pt x 266.87015pt.
LaTeX Info: Redefining \. on input line 289.
LaTeX Info: Redefining \% on input line 289.
[68


]
<cinematica_conjunta.pdf, id=2006, 858.60458pt x 742.36974pt>
File: cinematica_conjunta.pdf Graphic file (type pdf)
<use cinematica_conjunta.pdf>
Package pdftex.def Info: cinematica_conjunta.pdf  used on input line 294.
(pdftex.def)             Requested size: 426.0pt x 368.32939pt.
LaTeX Info: Redefining \. on input line 298.
LaTeX Info: Redefining \% on input line 298.
 [69 <./imag/caso1.png>]
LaTeX Info: Redefining \. on input line 303.
LaTeX Info: Redefining \% on input line 303.
 [70 <./cinematica_conjunta.pdf>]
LaTeX Info: Redefining \. on input line 304.
LaTeX Info: Redefining \% on input line 304.
 [71]
<cme_conjunta_polar.pdf, id=2109, 1431.99016pt x 823.22975pt>
File: cme_conjunta_polar.pdf Graphic file (type pdf)
<use cme_conjunta_polar.pdf>
Package pdftex.def Info: cme_conjunta_polar.pdf  used on input line 307.
(pdftex.def)             Requested size: 672.59784pt x 386.67937pt.


LaTeX Warning: Float too large for page by 40.42935pt on input line 310.

LaTeX Info: Redefining \. on input line 311.
LaTeX Info: Redefining \% on input line 311.
[72 <./cme_conjunta_polar.pdf>]

Package hyperref Warning: Token not allowed in a PDF string (Unicode):
(hyperref)                removing `math shift' on input line 313.


Package hyperref Warning: Token not allowed in a PDF string (Unicode):
(hyperref)                removing `subscript' on input line 313.


Package hyperref Warning: Token not allowed in a PDF string (Unicode):
(hyperref)                removing `\ll' on input line 313.


Package hyperref Warning: Token not allowed in a PDF string (Unicode):
(hyperref)                removing `subscript' on input line 313.


Package hyperref Warning: Token not allowed in a PDF string (Unicode):
(hyperref)                removing `math shift' on input line 313.

<imag/caso2.png, id=2210, 462.39417pt x 315.1775pt>
File: imag/caso2.png Graphic file (type png)
<use imag/caso2.png>
Package pdftex.def Info: imag/caso2.png  used on input line 317.
(pdftex.def)             Requested size: 426.0pt x 290.3804pt.
LaTeX Font Info:    External font `lmex10' loaded for size
(Font)              <10.95> on input line 332.

Overfull \hbox (52.92pt too wide) in paragraph at lines 329--354
 [] 
 []

LaTeX Info: Redefining \. on input line 355.
LaTeX Info: Redefining \% on input line 355.
[73


 <./imag/caso2.png>]
Overfull \hbox (63.60765pt too wide) in paragraph at lines 391--413
 [] 
 []

LaTeX Info: Redefining \. on input line 414.
LaTeX Info: Redefining \% on input line 414.
[74]
<imag/Ejemplo interfaz CMEs perfiles.png, id=2234, 1462.46375pt x 962.59625pt>
File: imag/Ejemplo interfaz CMEs perfiles.png Graphic file (type png)
<use imag/Ejemplo interfaz CMEs perfiles.png>
Package pdftex.def Info: imag/Ejemplo interfaz CMEs perfiles.png  used on input
 line 423.
(pdftex.def)             Requested size: 426.0pt x 280.39424pt.


LaTeX Warning: `h' float specifier changed to `ht'.

LaTeX Info: Redefining \. on input line 430.
LaTeX Info: Redefining \% on input line 430.
[75]
LaTeX Info: Redefining \. on input line 435.
LaTeX Info: Redefining \% on input line 435.
 [76 <./imag/Ejemplo interfaz CMEs perfiles.png>]
Overfull \hbox (4.01843pt too wide) in paragraph at lines 439--470
 [] 
 []

<resultados/fig_ad_vs_td.png, id=2249, 494.3268pt x 349.7868pt>
File: resultados/fig_ad_vs_td.png Graphic file (type png)
<use resultados/fig_ad_vs_td.png>
Package pdftex.def Info: resultados/fig_ad_vs_td.png  used on input line 474.
(pdftex.def)             Requested size: 340.8013pt x 241.15567pt.

LaTeX Warning: `h' float specifier changed to `ht'.

<resultados/fig_ad_relaciones.png, id=2250, 855.31544pt x 638.8668pt>
File: resultados/fig_ad_relaciones.png Graphic file (type png)
<use resultados/fig_ad_relaciones.png>
Package pdftex.def Info: resultados/fig_ad_relaciones.png  used on input line 4
81.
(pdftex.def)             Requested size: 383.3974pt x 286.36635pt.

LaTeX Warning: `h' float specifier changed to `ht'.

<resultados/fig_td_relaciones.png, id=2251, 855.31544pt x 638.8668pt>
File: resultados/fig_td_relaciones.png Graphic file (type png)
<use resultados/fig_td_relaciones.png>
Package pdftex.def Info: resultados/fig_td_relaciones.png  used on input line 4
88.
(pdftex.def)             Requested size: 383.3974pt x 286.36635pt.

LaTeX Warning: `h' float specifier changed to `ht'.

)
LaTeX Info: Redefining \. on input line 116.
LaTeX Info: Redefining \% on input line 116.
 [77]
LaTeX Info: Redefining \. on input line 116.
LaTeX Info: Redefining \% on input line 116.
 [78 <./resultados/fig_ad_vs_td.png> <./resultados/fig_ad_relaciones.png>]
LaTeX Info: Redefining \. on input line 116.
LaTeX Info: Redefining \% on input line 116.
 [79 <./resultados/fig_td_relaciones.png>]
\openout2 = `Capítulos/Análisis.aux'.

 (Capítulos/Análisis.tex
Cap\'{\i }tulo 5.
) [80




]
\openout2 = `Capítulos/Discusión.aux'.

 (Capítulos/Discusión.tex
Cap\'{\i }tulo 6.
) [81




]
\openout2 = `Capítulos/Conclusiones.aux'.

 (Capítulos/Conclusiones.tex
Cap\'{\i }tulo 7.
) [82




]
\openout2 = `Capítulos/Apéndices.aux'.

 (Capítulos/Apéndices.tex
Ap\'{e}ndice A.
[83




]
Ap\'{e}ndice B.
[84

]
LaTeX Info: Redefining \. on input line 83.
LaTeX Info: Redefining \% on input line 83.
 [85])
LaTeX Info: Redefining \. on input line 127.
LaTeX Info: Redefining \% on input line 127.
 [86] [87




]
LaTeX Info: Redefining \. on input line 130.
LaTeX Info: Redefining \% on input line 130.
 [88]
LaTeX Info: Redefining \. on input line 130.
LaTeX Info: Redefining \% on input line 130.
 [89]
LaTeX Info: Redefining \. on input line 130.
LaTeX Info: Redefining \% on input line 130.
 [90]
LaTeX Info: Redefining \. on input line 130.
LaTeX Info: Redefining \% on input line 130.
 [91]
LaTeX Info: Redefining \. on input line 130.
LaTeX Info: Redefining \% on input line 130.
 [92]
LaTeX Info: Redefining \. on input line 130.
LaTeX Info: Redefining \% on input line 130.
 [93]
LaTeX Info: Redefining \. on input line 130.
LaTeX Info: Redefining \% on input line 130.
 [94]
LaTeX Info: Redefining \. on input line 130.
LaTeX Info: Redefining \% on input line 130.
 [95]
LaTeX Info: Redefining \. on input line 130.
LaTeX Info: Redefining \% on input line 130.
 [96]
LaTeX Info: Redefining \. on input line 130.
LaTeX Info: Redefining \% on input line 130.
 [97]
LaTeX Info: Redefining \. on input line 130.
LaTeX Info: Redefining \% on input line 130.
 [98]
LaTeX Info: Redefining \. on input line 130.
LaTeX Info: Redefining \% on input line 130.

[99]
LaTeX Info: Redefining \. on input line 130.
LaTeX Info: Redefining \% on input line 130.
 [100]
LaTeX Info: Redefining \. on input line 130.
LaTeX Info: Redefining \% on input line 130.
 [101]
LaTeX Info: Redefining \. on input line 130.
LaTeX Info: Redefining \% on input line 130.
 [102]
LaTeX Info: Redefining \. on input line 130.
LaTeX Info: Redefining \% on input line 130.
 [103]
LaTeX Info: Redefining \. on input line 130.
LaTeX Info: Redefining \% on input line 130.
 [104]
LaTeX Info: Redefining \. on input line 130.
LaTeX Info: Redefining \% on input line 130.
 [105]
LaTeX Info: Redefining \. on input line 130.
LaTeX Info: Redefining \% on input line 130.
 [106]
LaTeX Info: Redefining \. on input line 132.
LaTeX Info: Redefining \% on input line 132.
 [107]
runsystem(makeindex main.idx)...executed safely (allowed).

 (main.ind)

Class memoir Warning: The material used in the headers is too large
(15.35403pt) for the given head height (14.5pt), it is recommended to
either increase the head height or redesign the header
(in both cases you will find help in the memoir manual). on input line 134.

[108


]
\tf@toc=\write8
\openout8 = `main.toc'.

\tf@lot=\write9
\openout9 = `main.lot'.

\tf@lof=\write10
\openout10 = `main.lof'.

 (main.aux
LaTeX Info: Redefining \sptext on input line 16.
LaTeX Info: Redefining \. on input line 16.
LaTeX Info: Redefining \% on input line 16.
 (Capítulos/Agradecimientos.aux) (Capítulos/Resumen.aux)
(Acrónimos.aux) (Capítulos/Introducción.aux) (Capítulos/CMEs.aux)
(Capítulos/Interacción de CME - CME.aux) (Capítulos/Problema.aux)
(Capítulos/Análisis.aux) (Capítulos/Discusión.aux)
(Capítulos/Conclusiones.aux) (Capítulos/Apéndices.aux))
 ***********
LaTeX2e <2026-06-01>
L3 programming layer <2020/03/25>
 ***********


LaTeX Warning: Label(s) may have changed. Rerun to get cross-references right.

Package rerunfilecheck Info: File `main.out' has not changed.
(rerunfilecheck)             Checksum: 19FB1281DEAFEA8ABD7759DC992FA4C2;6152.

Package biblatex Warning: Please rerun LaTeX.
(biblatex)                Page breaks have changed.

Package logreq Info: Writing requests to 'main.run.xml'.
\openout1 = `main.run.xml'.

 ) 
Here is how much of TeX's memory you used:
 49195 strings out of 467509
 955979 string characters out of 5403877
 2457911 words of memory out of 5000000
 77022 multiletter control sequences out of 15000+600000
 751155 words of font info for 115 fonts, out of 8000000 for 9000
 1141 hyphenation exceptions out of 8191
 95i,20n,99p,2006b,3375s stack positions out of 10000i,1000n,20000p,200000b,200000s

pdfTeX warning (dest): name{Hfootnote.3} has been referenced but does not exist
, replaced by a fixed one

<C:/Users/CRISTIAN CHAVEZ/AppData/Local/Programs/MiKTeX/fonts/type1/public/lm/l
mbx10.pfb><C:/Users/CRISTIAN CHAVEZ/AppData/Local/Programs/MiKTeX/fonts/type1/p
ublic/lm/lmbx12.pfb><C:/Users/CRISTIAN CHAVEZ/AppData/Local/Programs/MiKTeX/fon
ts/type1/public/lm/lmbx8.pfb><C:/Users/CRISTIAN CHAVEZ/AppData/Local/Programs/M
iKTeX/fonts/type1/public/lm/lmex10.pfb><C:/Users/CRISTIAN CHAVEZ/AppData/Local/
Programs/MiKTeX/fonts/type1/public/lm/lmmi10.pfb><C:/Users/CRISTIAN CHAVEZ/AppD
ata/Local/Programs/MiKTeX/fonts/type1/public/lm/lmmi12.pfb><C:/Users/CRISTIAN C
HAVEZ/AppData/Local/Programs/MiKTeX/fonts/type1/public/lm/lmmi6.pfb><C:/Users/C
RISTIAN CHAVEZ/AppData/Local/Programs/MiKTeX/fonts/type1/public/lm/lmmi8.pfb><C
:/Users/CRISTIAN CHAVEZ/AppData/Local/Programs/MiKTeX/fonts/type1/public/lm/lmr
10.pfb><C:/Users/CRISTIAN CHAVEZ/AppData/Local/Programs/MiKTeX/fonts/type1/publ
ic/lm/lmr12.pfb><C:/Users/CRISTIAN CHAVEZ/AppData/Local/Programs/MiKTeX/fonts/t
ype1/public/lm/lmr17.pfb><C:/Users/CRISTIAN CHAVEZ/AppData/Local/Programs/MiKTe
X/fonts/type1/public/lm/lmr6.pfb><C:/Users/CRISTIAN CHAVEZ/AppData/Local/Progra
ms/MiKTeX/fonts/type1/public/lm/lmr7.pfb><C:/Users/CRISTIAN CHAVEZ/AppData/Loca
l/Programs/MiKTeX/fonts/type1/public/lm/lmr8.pfb><C:/Users/CRISTIAN CHAVEZ/AppD
ata/Local/Programs/MiKTeX/fonts/type1/public/lm/lmri10.pfb><C:/Users/CRISTIAN C
HAVEZ/AppData/Local/Programs/MiKTeX/fonts/type1/public/lm/lmri12.pfb><C:/Users/
CRISTIAN CHAVEZ/AppData/Local/Programs/MiKTeX/fonts/type1/public/lm/lmro10.pfb>
<C:/Users/CRISTIAN CHAVEZ/AppData/Local/Programs/MiKTeX/fonts/type1/public/lm/l
mro12.pfb><C:/Users/CRISTIAN CHAVEZ/AppData/Local/Programs/MiKTeX/fonts/type1/p
ublic/lm/lmsy10.pfb><C:/Users/CRISTIAN CHAVEZ/AppData/Local/Programs/MiKTeX/fon
ts/type1/public/lm/lmsy8.pfb><C:/Users/CRISTIAN CHAVEZ/AppData/Local/Programs/M
iKTeX/fonts/type1/public/lm/lmtt10.pfb><C:/Users/CRISTIAN CHAVEZ/AppData/Local/
Programs/MiKTeX/fonts/type1/public/lm/lmtt12.pfb><C:/Users/CRISTIAN CHAVEZ/AppD
ata/Local/Programs/MiKTeX/fonts/type1/public/amsfonts/symbols/msam10.pfb>
Output written on main.pdf (108 pages, 13242753 bytes).
PDF statistics:
 2981 PDF objects out of 2984 (max. 8388607)
 609 named destinations out of 1000 (max. 500000)
 20442 words of extra memory for PDF output out of 20736 (max. 10000000)

